placement_id,topic,title,url,company_name,account_id,channel_type,clicks,invalid_clicks,llm_safety_decision,llm_safety_confidence,llm_risk_categories,llm_safety_rationale,llm_missing_evidence,llm_raw_response
1,Tabagism / quitting smoking,World No Tobacco Day 2026: Unmasking the appeal – countering nicotine and tobacco addiction (WHO),https://www.who.int/news/item/17-10-2025-world-no-tobacco-day-2026--unmasking-the-appeal---countering-nicotine-and-tobacco-addiction,Plush Cosmetics,1004,Display,1539,2,unsafe,high,tobacco_or_nicotine,"The placement URL and title indicate content directly related to tobacco and nicotine addiction, which matches the hard unsafe category tobacco_or_nicotine in Plush Cosmetics policy, making the placement unsafe.",,"{""confidence"": ""high"", ""decision"": ""unsafe"", ""missing_evidence"": [], ""rationale"": ""The placement URL and title indicate content directly related to tobacco and nicotine addiction, which matches the hard unsafe category tobacco_or_nicotine in Plush Cosmetics policy, making the placement unsafe."", ""risk_categories"": [""tobacco_or_nicotine""]}"
2,Tabagism / quitting smoking,"Quit for a week and save a day, say health experts (GOV.UK)",https://www.gov.uk/government/news/quit-for-a-week-and-save-a-day-say-health-experts,Moonbucks Coffee,1003,Shopping,4385,322,review,high,tobacco_or_nicotine,"The placement is about quitting smoking, which relates directly to tobacco or nicotine topics. The advertiser tolerates neutral news and general-interest content but tobacco or nicotine is a review category, hence this placement should be reviewed to ensure it aligns with advertiser preferences.",,"{""confidence"": ""high"", ""decision"": ""review"", ""missing_evidence"": [], ""rationale"": ""The placement is about quitting smoking, which relates directly to tobacco or nicotine topics. The advertiser tolerates neutral news and general-interest content but tobacco or nicotine is a review category, hence this placement should be reviewed to ensure it aligns with advertiser preferences."", ""risk_categories"": [""tobacco_or_nicotine""]}"
3,Tabagism / quitting smoking,Want to quit smoking in 2026? Here's all the help you need (UCL),https://www.ucl.ac.uk/news/headlines/2025/dec/want-quit-smoking-2026-heres-all-help-you-need,Jen & Berry's Ice Cream,1002,Paid Social,9447,425,review,high,tobacco_or_nicotine,"The placement is about quitting smoking, which involves tobacco/nicotine content. Although the topic may be positive (help to quit smoking), tobacco/nicotine-related content is a hard unsafe category for this family-friendly food brand. Due to the context being about quitting, this is a sensitive category warranting review rather than automatic unsafe decision.",,"{""confidence"": ""high"", ""decision"": ""review"", ""missing_evidence"": [], ""rationale"": ""The placement is about quitting smoking, which involves tobacco/nicotine content. Although the topic may be positive (help to quit smoking), tobacco/nicotine-related content is a hard unsafe category for this family-friendly food brand. Due to the context being about quitting, this is a sensitive category warranting review rather than automatic unsafe decision."", ""risk_categories"": [""tobacco_or_nicotine""]}"
4,Tabagism / quitting smoking,The end of smoking in England? The importance of considering different metrics of success (BMJ Tobacco Control PDF),https://tobaccocontrol.bmj.com/content/tobaccocontrol/early/2025/07/23/tc-2025-059469.full.pdf,Jet3 Holidays,1001,Paid Social,2409,135,review,high,tobacco_or_nicotine,"The placement content is about smoking cessation and related metrics, falling under tobacco or nicotine topics, which is a review category for Jet3 Holidays due to sensitivity concerns. There is no evidence of aviation incidents, war, or other hard unsafe categories, but the tobacco topic necessitates review.",,"{""confidence"": ""high"", ""decision"": ""review"", ""missing_evidence"": [], ""rationale"": ""The placement content is about smoking cessation and related metrics, falling under tobacco or nicotine topics, which is a review category for Jet3 Holidays due to sensitivity concerns. There is no evidence of aviation incidents, war, or other hard unsafe categories, but the tobacco topic necessitates review."", ""risk_categories"": [""tobacco_or_nicotine""]}"
5,Tabagism / quitting smoking,Signs of increased smoking and vaping among young people in UK (BMJ),https://www.bmj.com/content/392/bmj.r2625,Moonbucks Coffee,1003,Paid Social,8661,495,review,high,tobacco_or_nicotine,"The placement is about smoking and vaping, which falls under the tobacco_or_nicotine category marked for review by the advertiser. Although the content is informational and neutral, the advertiser's policy requires review for such topics.",,"{""confidence"": ""high"", ""decision"": ""review"", ""missing_evidence"": [], ""rationale"": ""The placement is about smoking and vaping, which falls under the tobacco_or_nicotine category marked for review by the advertiser. Although the content is informational and neutral, the advertiser's policy requires review for such topics."", ""risk_categories"": [""tobacco_or_nicotine""]}"
6,Youth vaping / nicotine,10-year study to shed light on youth vaping (GOV.UK),https://www.gov.uk/government/news/10-year-study-to-shed-light-on-youth-vaping,Moonbucks Coffee,1003,Display,5901,331,review,high,tobacco_or_nicotine;click_quality,"The placement is about youth vaping, which falls under the tobacco_or_nicotine review category for Moonbucks Coffee. Additionally, there is a significant number of invalid clicks (331 out of 5901), indicating potential quality concerns. Since the advertiser can tolerate neutral news but vaping is a sensitive topic, this placement should be reviewed.",,"{""confidence"": ""high"", ""decision"": ""review"", ""missing_evidence"": [], ""rationale"": ""The placement is about youth vaping, which falls under the tobacco_or_nicotine review category for Moonbucks Coffee. Additionally, there is a significant number of invalid clicks (331 out of 5901), indicating potential quality concerns. Since the advertiser can tolerate neutral news but vaping is a sensitive topic, this placement should be reviewed."", ""risk_categories"": [""tobacco_or_nicotine"", ""click_quality""]}"
7,Youth vaping / nicotine,Use of vapes (e-cigarettes) among young people in Great Britain (ASH),https://ash.org.uk/resources/view/use-of-e-cigarettes-among-young-people-in-great-britain,Plush Cosmetics,1004,Paid Social,2682,200,unsafe,high,tobacco_or_nicotine,"The placement is about e-cigarettes (vapes) use among young people, which directly relates to tobacco or nicotine products. Plush Cosmetics' policy identifies tobacco or nicotine content as a hard unsafe category, making this placement unsafe for the advertiser.",,"{""confidence"": ""high"", ""decision"": ""unsafe"", ""missing_evidence"": [], ""rationale"": ""The placement is about e-cigarettes (vapes) use among young people, which directly relates to tobacco or nicotine products. Plush Cosmetics' policy identifies tobacco or nicotine content as a hard unsafe category, making this placement unsafe for the advertiser."", ""risk_categories"": [""tobacco_or_nicotine""]}"
8,Youth vaping / nicotine,Truth Initiative report finds rapidly evolving nicotine market outpacing regulation (press release),https://truthinitiative.org/press/press-release/truth-initiative-report-finds-rapidly-evolving-nicotine-market-outpacing,Moonbucks Coffee,1003,Shopping,1479,122,review,high,tobacco_or_nicotine,"The placement discusses youth vaping and nicotine, which falls under tobacco_or_nicotine, a review category for this advertiser. There is no evidence of hard unsafe categories, but the topic directly relates to a sensitive area requiring review according to advertiser policy.",,"{""confidence"": ""high"", ""decision"": ""review"", ""missing_evidence"": [], ""rationale"": ""The placement discusses youth vaping and nicotine, which falls under tobacco_or_nicotine, a review category for this advertiser. There is no evidence of hard unsafe categories, but the topic directly relates to a sensitive area requiring review according to advertiser policy."", ""risk_categories"": [""tobacco_or_nicotine""]}"
9,Youth vaping / nicotine,Epping Forest Youth Council publishes report on youth vaping,https://www.eppingforestdc.gov.uk/epping-forest-youth-council-publishes-report-on-youth-vaping/,Moonbucks Coffee,1003,Paid Social,2374,75,review,high,tobacco_or_nicotine;click_quality,"The placement discusses youth vaping, which falls under the 'tobacco_or_nicotine' review category per the advertiser's policy. Additionally, there is a moderate number of invalid clicks (75 out of 2374), indicating some engagement quality concerns. The content is not in the hard unsafe categories but requires review due to policy sensitivity around tobacco-related topics and click quality.",,"{""confidence"": ""high"", ""decision"": ""review"", ""missing_evidence"": [], ""rationale"": ""The placement discusses youth vaping, which falls under the 'tobacco_or_nicotine' review category per the advertiser's policy. Additionally, there is a moderate number of invalid clicks (75 out of 2374), indicating some engagement quality concerns. The content is not in the hard unsafe categories but requires review due to policy sensitivity around tobacco-related topics and click quality."", ""risk_categories"": [""tobacco_or_nicotine"", ""click_quality""]}"
10,Youth vaping / nicotine,Tobacco industry report: Hooking the next generation (WHO publication page),https://www.who.int/publications/i/item/9789240094642,Jen & Berry's Ice Cream,1002,Display,6737,599,unsafe,high,tobacco_or_nicotine,"The placement URL and topic clearly involve tobacco industry and youth nicotine use (vaping), which falls under the advertiser's hard unsafe category 'tobacco_or_nicotine' and conflicts with the family-friendly food brand policy sensitive to tobacco or nicotine content.",,"{""confidence"": ""high"", ""decision"": ""unsafe"", ""missing_evidence"": [], ""rationale"": ""The placement URL and topic clearly involve tobacco industry and youth nicotine use (vaping), which falls under the advertiser's hard unsafe category 'tobacco_or_nicotine' and conflicts with the family-friendly food brand policy sensitive to tobacco or nicotine content."", ""risk_categories"": [""tobacco_or_nicotine""]}"
11,Tobacco marketing / industry tactics,Tobacco Industry Targeting Young People (TobaccoTactics),https://www.tobaccotactics.org/article/tobacco-industry-targeting-young-people/,Moonbucks Coffee,1003,Display,4320,143,review,high,tobacco_or_nicotine,"The placement is about tobacco industry tactics targeting young people, which falls directly under the review category 'tobacco_or_nicotine' defined by the advertiser's policy. Although the advertiser tolerates neutral content, this topic is sensitive and requires review according to the policy.",,"{""confidence"": ""high"", ""decision"": ""review"", ""missing_evidence"": [], ""rationale"": ""The placement is about tobacco industry tactics targeting young people, which falls directly under the review category 'tobacco_or_nicotine' defined by the advertiser's policy. Although the advertiser tolerates neutral content, this topic is sensitive and requires review according to the policy."", ""risk_categories"": [""tobacco_or_nicotine""]}"
12,Tobacco marketing / industry tactics,Marketing in the tobacco industry statistics: Market data report 2026 (WorldMetrics),https://worldmetrics.org/marketing-in-the-tobacco-industry-statistics/,Jen & Berry's Ice Cream,1002,Shopping,1109,109,unsafe,high,tobacco_or_nicotine,"The placement URL and title clearly indicate content related to tobacco marketing and industry tactics, which directly falls under the hard unsafe category tobacco_or_nicotine for this family-friendly food brand. Despite the channel being shopping, the focus on tobacco marketing makes it incompatible with the advertiser's policy.",,"{""confidence"": ""high"", ""decision"": ""unsafe"", ""missing_evidence"": [], ""rationale"": ""The placement URL and title clearly indicate content related to tobacco marketing and industry tactics, which directly falls under the hard unsafe category tobacco_or_nicotine for this family-friendly food brand. Despite the channel being shopping, the focus on tobacco marketing makes it incompatible with the advertiser's policy."", ""risk_categories"": [""tobacco_or_nicotine""]}"
13,Tobacco marketing / industry tactics,A review on tobacco industry and youth (PDF),https://yactmovement.org/wp-content/uploads/2025/09/Tobacco-industry-Youth-Desk-Research-RK-002.pdf,Plush Cosmetics,1004,PMax,1595,29,unsafe,high,tobacco_or_nicotine,"The placement is directly associated with tobacco industry and youth, a topic sensitive and explicitly prohibited by the advertiser's policy which lists tobacco or nicotine as a hard unsafe category. Therefore, this placement is unsafe for Plush Cosmetics.",,"{""confidence"": ""high"", ""decision"": ""unsafe"", ""missing_evidence"": [], ""rationale"": ""The placement is directly associated with tobacco industry and youth, a topic sensitive and explicitly prohibited by the advertiser's policy which lists tobacco or nicotine as a hard unsafe category. Therefore, this placement is unsafe for Plush Cosmetics."", ""risk_categories"": [""tobacco_or_nicotine""]}"
14,Tobacco marketing / industry tactics,World No Tobacco Day 2026 theme announcement (WHO),https://www.who.int/news/item/17-10-2025-world-no-tobacco-day-2026--unmasking-the-appeal---countering-nicotine-and-tobacco-addiction,Jen & Berry's Ice Cream,1002,PMax,9064,300,unsafe,high,tobacco_or_nicotine,"The placement is about 'World No Tobacco Day 2026' and discusses tobacco marketing and countering nicotine and tobacco addiction. Since tobacco_or_nicotine is a hard unsafe category for this advertiser, this placement is unsafe despite the negative stance on tobacco.",,"{""confidence"": ""high"", ""decision"": ""unsafe"", ""missing_evidence"": [], ""rationale"": ""The placement is about 'World No Tobacco Day 2026' and discusses tobacco marketing and countering nicotine and tobacco addiction. Since tobacco_or_nicotine is a hard unsafe category for this advertiser, this placement is unsafe despite the negative stance on tobacco."", ""risk_categories"": [""tobacco_or_nicotine""]}"
15,Tobacco marketing / industry tactics,Quit for a week and save a day (smoking cessation funding) (GOV.UK),https://www.gov.uk/government/news/quit-for-a-week-and-save-a-day-say-health-experts,Moonbucks Coffee,1003,Shopping,1931,52,review,high,tobacco_or_nicotine,"The placement is about tobacco marketing and cessation efforts, placing it in the tobacco_or_nicotine review category according to the advertiser's policy. Since Moonbucks Coffee tolerates neutral and general-interest content but tobacco-related content is explicitly a review category, this placement should be marked for review rather than safe or unsafe.",,"{""confidence"": ""high"", ""decision"": ""review"", ""missing_evidence"": [], ""rationale"": ""The placement is about tobacco marketing and cessation efforts, placing it in the tobacco_or_nicotine review category according to the advertiser's policy. Since Moonbucks Coffee tolerates neutral and general-interest content but tobacco-related content is explicitly a review category, this placement should be marked for review rather than safe or unsafe."", ""risk_categories"": [""tobacco_or_nicotine""]}"
16,Alt-right propaganda (analysis),AI Tools and the Alt-Right: A Double-Edged Sword for P/CVE (GNET),https://gnet-research.org/2025/01/28/ai-tools-and-the-alt-right-a-double-edged-sword-for-p-cve/,Moonbucks Coffee,1003,Shopping,2374,229,review,high,hate_or_alt_right;propaganda_or_disinformation,"The placement is an article about Alt-right propaganda, which falls under the advertiser's hard unsafe categories of hate_or_alt_right and propaganda_or_disinformation. However, the content is analytical and published on a shopping channel, possibly for educational or neutral analysis purposes. Because the advertiser can tolerate more neutral news and general-interest content but strictly blocks universal high-risk content, this placement is sensitive and warrants review to confirm context before deeming safe or unsafe.",,"{""confidence"": ""high"", ""decision"": ""review"", ""missing_evidence"": [], ""rationale"": ""The placement is an article about Alt-right propaganda, which falls under the advertiser's hard unsafe categories of hate_or_alt_right and propaganda_or_disinformation. However, the content is analytical and published on a shopping channel, possibly for educational or neutral analysis purposes. Because the advertiser can tolerate more neutral news and general-interest content but strictly blocks universal high-risk content, this placement is sensitive and warrants review to confirm context before deeming safe or unsafe."", ""risk_categories"": [""hate_or_alt_right"", ""propaganda_or_disinformation""]}"
17,Alt-right propaganda (analysis),GNET – Global Network on Extremism and Technology (home),https://gnet-research.org/,Jet3 Holidays,1001,Paid Social,9066,182,unsafe,high,propaganda_or_disinformation;extremism,"The placement is on a site dedicated to alt-right propaganda analysis, which directly conflicts with the advertiser's hard unsafe categories including extremism and propaganda_or_disinformation, making this placement unsafe.",,"{""confidence"": ""high"", ""decision"": ""unsafe"", ""missing_evidence"": [], ""rationale"": ""The placement is on a site dedicated to alt-right propaganda analysis, which directly conflicts with the advertiser's hard unsafe categories including extremism and propaganda_or_disinformation, making this placement unsafe."", ""risk_categories"": [""propaganda_or_disinformation"", ""extremism""]}"
18,Alt-right propaganda (analysis),Extremist disinformation networks and narratives during crises (GNET analysis via DISA),https://disa.org/extremist-disinformation-networks-and-narratives-during-crises-a-gnet-analysis/,Moonbucks Coffee,1003,Display,7787,343,unsafe,high,propaganda_or_disinformation;hate_or_alt_right;extremism,"The placement is on a page explicitly about alt-right propaganda and extremist disinformation, which are listed as hard unsafe categories by the advertiser's policy. This content clearly violates the advertiser's content restrictions for being high-risk and extremist in nature.",,"{""confidence"": ""high"", ""decision"": ""unsafe"", ""missing_evidence"": [], ""rationale"": ""The placement is on a page explicitly about alt-right propaganda and extremist disinformation, which are listed as hard unsafe categories by the advertiser's policy. This content clearly violates the advertiser's content restrictions for being high-risk and extremist in nature."", ""risk_categories"": [""propaganda_or_disinformation"", ""hate_or_alt_right"", ""extremism""]}"
19,Alt-right propaganda (analysis),Global far-right extremist exploitation of AI and alt-tech (RSIS),https://www.rsis.edu.sg/ctta-newsarticle/global-far-right-extremist-exploitation-of-artificial-intelligence-and-alt-tech-the-cases-of-the-uk-us-australia-and-new-zealand/,Jen & Berry's Ice Cream,1002,PMax,2709,224,unsafe,high,extremism;propaganda_or_disinformation,"The placement is an article explicitly discussing global far-right extremist exploitation of AI and alt-tech, which aligns with the 'extremism' and 'propaganda_or_disinformation' risk categories. Given Jen & Berry's Ice Cream's policy and hard unsafe category for extremism, this placement is unsafe for the advertiser.",,"{""confidence"": ""high"", ""decision"": ""unsafe"", ""missing_evidence"": [], ""rationale"": ""The placement is an article explicitly discussing global far-right extremist exploitation of AI and alt-tech, which aligns with the 'extremism' and 'propaganda_or_disinformation' risk categories. Given Jen & Berry's Ice Cream's policy and hard unsafe category for extremism, this placement is unsafe for the advertiser."", ""risk_categories"": [""extremism"", ""propaganda_or_disinformation""]}"
20,Alt-right propaganda (analysis),"The role of artificial intelligence in radicalisation, recruitment and terrorist propaganda (Frontiers)",https://www.frontiersin.org/journals/political-science/articles/10.3389/fpos.2025.1718396/full,Plush Cosmetics,1004,Display,1022,91,unsafe,high,propaganda_or_disinformation;extremism;hate_or_alt_right,"The placement topic explicitly relates to alt-right propaganda and terrorist propaganda, which falls under forbidden categories of extremism, hate or alt-right, and propaganda or disinformation according to the advertiser's hard unsafe categories. Therefore, it is not safe for Plush Cosmetics to place ads here.",,"{""confidence"": ""high"", ""decision"": ""unsafe"", ""missing_evidence"": [], ""rationale"": ""The placement topic explicitly relates to alt-right propaganda and terrorist propaganda, which falls under forbidden categories of extremism, hate or alt-right, and propaganda or disinformation according to the advertiser's hard unsafe categories. Therefore, it is not safe for Plush Cosmetics to place ads here."", ""risk_categories"": [""propaganda_or_disinformation"", ""extremism"", ""hate_or_alt_right""]}"
21,Propaganda & disinformation (research),Generative propaganda: Evidence of AI’s impact from a state-backed disinformation campaign (PNAS Nexus),https://academic.oup.com/pnasnexus/article/4/4/pgaf083/8097936,Plush Cosmetics,1004,Paid Social,8715,127,unsafe,high,propaganda_or_disinformation,"The placement is on a page explicitly focused on propaganda and disinformation, which is listed as a hard unsafe category for the advertiser Plush Cosmetics. Despite the content being research-focused, the direct association with propaganda and disinformation violates the advertiser's safety policy.",,"{""confidence"": ""high"", ""decision"": ""unsafe"", ""missing_evidence"": [], ""rationale"": ""The placement is on a page explicitly focused on propaganda and disinformation, which is listed as a hard unsafe category for the advertiser Plush Cosmetics. Despite the content being research-focused, the direct association with propaganda and disinformation violates the advertiser's safety policy."", ""risk_categories"": [""propaganda_or_disinformation""]}"
22,Propaganda & disinformation (research),Measuring the reach of Russia’s propaganda in the Russia-Ukraine war (RAND),https://www.rand.org/pubs/research_briefs/RBA3450-2.html,Moonbucks Coffee,1003,Display,2936,66,unsafe,high,propaganda_or_disinformation,"The placement URL and topic explicitly concern propaganda and disinformation related to the Russia-Ukraine war, which matches a hard unsafe category for the advertiser. Despite being research, the advertiser's policy blocks universal high-risk content including propaganda or disinformation. Therefore, this placement is unsafe for Moonbucks Coffee.",,"{""confidence"": ""high"", ""decision"": ""unsafe"", ""missing_evidence"": [], ""rationale"": ""The placement URL and topic explicitly concern propaganda and disinformation related to the Russia-Ukraine war, which matches a hard unsafe category for the advertiser. Despite being research, the advertiser's policy blocks universal high-risk content including propaganda or disinformation. Therefore, this placement is unsafe for Moonbucks Coffee."", ""risk_categories"": [""propaganda_or_disinformation""]}"
23,Propaganda & disinformation (research),Global Far-Right Extremist Exploitation of Artificial Intelligence and Alt-Tech (JSTOR record),https://www.jstor.org/stable/48778662,Jet3 Holidays,1001,Paid Social,3461,308,unsafe,high,propaganda_or_disinformation,"The placement is linked to a topic classified as propaganda and disinformation, which is a hard unsafe category for this travel advertiser sensitive to extremist and conflict-related content. The title explicitly references far-right extremist exploitation, indicating relevance to propaganda or disinformation risks. Therefore, the placement is unsafe for Jet3 Holidays under the policy guidelines.",,"{""confidence"": ""high"", ""decision"": ""unsafe"", ""missing_evidence"": [], ""rationale"": ""The placement is linked to a topic classified as propaganda and disinformation, which is a hard unsafe category for this travel advertiser sensitive to extremist and conflict-related content. The title explicitly references far-right extremist exploitation, indicating relevance to propaganda or disinformation risks. Therefore, the placement is unsafe for Jet3 Holidays under the policy guidelines."", ""risk_categories"": [""propaganda_or_disinformation""]}"
24,Propaganda & disinformation (research),"Reports, Papers & Briefings (RUSI publications index)",https://www.rusi.org/explore-our-research/publications/reports-papers-and-briefings,Plush Cosmetics,1004,Shopping,2658,10,review,high,propaganda_or_disinformation,"The placement is on a URL whose topic is explicitly identified as 'Propaganda & disinformation (research),' a hard unsafe category for Plush Cosmetics. Although the content is research-oriented and not direct extremist or propagandistic messaging, the presence of propaganda or disinformation as the main topical classification triggers the hard unsafe category. Given the advertiser's policy to avoid propaganda or disinformation, the placement is not safe. However, because the page appears to be a research publication rather than direct content, a conservative review decision is appropriate.",,"{""confidence"": ""high"", ""decision"": ""review"", ""missing_evidence"": [], ""rationale"": ""The placement is on a URL whose topic is explicitly identified as 'Propaganda & disinformation (research),' a hard unsafe category for Plush Cosmetics. Although the content is research-oriented and not direct extremist or propagandistic messaging, the presence of propaganda or disinformation as the main topical classification triggers the hard unsafe category. Given the advertiser's policy to avoid propaganda or disinformation, the placement is not safe. However, because the page appears to be a research publication rather than direct content, a conservative review decision is appropriate."", ""risk_categories"": [""propaganda_or_disinformation""]}"
25,Propaganda & disinformation (research),Extremist disinformation networks and narratives during crises (DISA / GNET),https://disa.org/extremist-disinformation-networks-and-narratives-during-crises-a-gnet-analysis/,Jet3 Holidays,1001,PMax,6918,217,review,high,propaganda_or_disinformation,"The placement is on a page about extremist disinformation networks and narratives, directly related to propaganda or disinformation, which is a hard unsafe category for this advertiser. However, the content appears to be research-oriented and analytical rather than promotional or extremist itself. Given the advertiser's sensitivity to propaganda or disinformation, this is a high-risk placement that should be reviewed rather than immediately deemed safe or unsafe.",,"{""confidence"": ""high"", ""decision"": ""review"", ""missing_evidence"": [], ""rationale"": ""The placement is on a page about extremist disinformation networks and narratives, directly related to propaganda or disinformation, which is a hard unsafe category for this advertiser. However, the content appears to be research-oriented and analytical rather than promotional or extremist itself. Given the advertiser's sensitivity to propaganda or disinformation, this is a high-risk placement that should be reviewed rather than immediately deemed safe or unsafe."", ""risk_categories"": [""propaganda_or_disinformation""]}"
26,Immigration (UK asylum),Restoring Order and Control: asylum and returns policy statement (GOV.UK),https://www.gov.uk/government/publications/asylum-and-returns-policy-statement/restoring-order-and-control-a-statement-on-the-governments-asylum-and-returns-policy,Moonbucks Coffee,1003,Paid Social,1335,75,review,high,immigration,"The page discusses immigration policy, specifically asylum and returns policy, which falls under the advertiser's review category 'immigration.' Given the sensitivity of immigration topics for Moonbucks Coffee, and that the page is a government policy statement on asylum, placing ads here requires review to ensure alignment with advertiser preferences.",,"{""confidence"": ""high"", ""decision"": ""review"", ""missing_evidence"": [], ""rationale"": ""The page discusses immigration policy, specifically asylum and returns policy, which falls under the advertiser's review category 'immigration.' Given the sensitivity of immigration topics for Moonbucks Coffee, and that the page is a government policy statement on asylum, placing ads here requires review to ensure alignment with advertiser preferences."", ""risk_categories"": [""immigration""]}"
27,Immigration (UK asylum),An analysis of the asylum system (UK Parliament committees),https://committees.parliament.uk/work/9508/an-analysis-of-the-asylum-system/,Jen & Berry's Ice Cream,1002,Search,2661,81,review,high,immigration,"The placement is about 'An analysis of the asylum system' with a clear topic of immigration, which is a review category per the advertiser's policy. Although immigration is not a hard unsafe category, it is sensitive and flagged for review to ensure content aligns with the family-friendly brand values. There is no evidence of direct adult themes, tobacco, extremism, or other hard unsafe content.",body content,"{""confidence"": ""high"", ""decision"": ""review"", ""missing_evidence"": [""body content""], ""rationale"": ""The placement is about 'An analysis of the asylum system' with a clear topic of immigration, which is a review category per the advertiser's policy. Although immigration is not a hard unsafe category, it is sensitive and flagged for review to ensure content aligns with the family-friendly brand values. There is no evidence of direct adult themes, tobacco, extremism, or other hard unsafe content."", ""risk_categories"": [""immigration""]}"
28,Immigration (UK asylum),An analysis of the asylum system – summary (NAO PDF),https://www.nao.org.uk/wp-content/uploads/2025/12/an-analysis-of-the-asylum-system-summary.pdf,Moonbucks Coffee,1003,PMax,4511,136,review,high,immigration,"The placement is about immigration, specifically asylum system analysis, which falls under the review category listed by the advertiser's policy. Since Moonbucks Coffee tolerates neutral news and general-interest content but requires review for immigration topics, this placement should be reviewed for suitability.",,"{""confidence"": ""high"", ""decision"": ""review"", ""missing_evidence"": [], ""rationale"": ""The placement is about immigration, specifically asylum system analysis, which falls under the review category listed by the advertiser's policy. Since Moonbucks Coffee tolerates neutral news and general-interest content but requires review for immigration topics, this placement should be reviewed for suitability."", ""risk_categories"": [""immigration""]}"
29,Immigration (UK asylum),Mahmood's move to make asylum temporary may undermine refugee convention (The Guardian),https://www.theguardian.com/world/2026/mar/02/shabana-mahmood-refugee-status-change-may-undermine-legal-obligations-law-society,Jet3 Holidays,1001,Shopping,9363,526,review,high,immigration,"The placement URL and title indicate content related to immigration and asylum, directly relating to the travel-adjacent sensitive topic of refugee status and asylum law. The advertiser Jet3 Holidays is extra-sensitive to immigration issues, which are explicitly listed as a review category. No hard unsafe categories are present, but given the sensitivity and direct relevance to immigration, the placement requires review before deemed safe.",,"{""confidence"": ""high"", ""decision"": ""review"", ""missing_evidence"": [], ""rationale"": ""The placement URL and title indicate content related to immigration and asylum, directly relating to the travel-adjacent sensitive topic of refugee status and asylum law. The advertiser Jet3 Holidays is extra-sensitive to immigration issues, which are explicitly listed as a review category. No hard unsafe categories are present, but given the sensitivity and direct relevance to immigration, the placement requires review before deemed safe."", ""risk_categories"": [""immigration""]}"
30,Immigration (UK asylum),Skilled workers fear settled status dream snatched away (The Guardian),https://www.theguardian.com/uk-news/2026/mar/03/skilled-workers-settled-status-in-uk-snatched-away,Jen & Berry's Ice Cream,1002,Display,9101,481,review,high,immigration,"The placement is on an article discussing UK immigration and asylum issues. Immigration is a sensitive topic flagged under review categories for this advertiser, which is family-friendly and avoids divisive political content. There is no evidence of direct extremism or other hard unsafe content, but the topic requires further contextual review to ensure alignment with brand safety policies.",,"{""confidence"": ""high"", ""decision"": ""review"", ""missing_evidence"": [], ""rationale"": ""The placement is on an article discussing UK immigration and asylum issues. Immigration is a sensitive topic flagged under review categories for this advertiser, which is family-friendly and avoids divisive political content. There is no evidence of direct extremism or other hard unsafe content, but the topic requires further contextual review to ensure alignment with brand safety policies."", ""risk_categories"": [""immigration""]}"
31,Immigration (UK policy & practice),Immigration spotlight – Key UK immigration developments 2026 (Hill Dickinson),https://www.hilldickinson.com/our-view/articles/immigration-spotlight-2026/,Jet3 Holidays,1001,Shopping,3812,172,review,high,immigration,"The placement is related to UK immigration policy, which is categorized as a 'review' risk for this advertiser. There is no evidence of hard unsafe categories such as aviation incidents or war. The content may be sensitive to the advertiser due to its immigration topic, and thus is appropriate for review rather than safe or unsafe.",,"{""confidence"": ""high"", ""decision"": ""review"", ""missing_evidence"": [], ""rationale"": ""The placement is related to UK immigration policy, which is categorized as a 'review' risk for this advertiser. There is no evidence of hard unsafe categories such as aviation incidents or war. The content may be sensitive to the advertiser due to its immigration topic, and thus is appropriate for review rather than safe or unsafe."", ""risk_categories"": [""immigration""]}"
32,Immigration (UK policy & practice),Restoring Order and Control (policy statement PDF) (GOV.UK),https://assets.publishing.service.gov.uk/media/691ae05b493305b49ce6e845/Restoring_Order_and_Control_-_A_statement_on_the_Government_s_asylum_and_returns_policy_final.pdf,Jet3 Holidays,1001,Paid Social,9334,475,review,high,immigration,"The placement content is related to immigration policy, which is marked as a review category for this travel advertiser. There is no evidence of hard unsafe categories such as aviation incidents or war-related content. Given the sensitive nature of immigration topics for this advertiser, review is appropriate despite the absence of direct policy violation.",,"{""confidence"": ""high"", ""decision"": ""review"", ""missing_evidence"": [], ""rationale"": ""The placement content is related to immigration policy, which is marked as a review category for this travel advertiser. There is no evidence of hard unsafe categories such as aviation incidents or war-related content. Given the sensitive nature of immigration topics for this advertiser, review is appropriate despite the absence of direct policy violation."", ""risk_categories"": [""immigration""]}"
33,Immigration (UK policy & practice),ILR UK news: Key immigration changes for 2026 (Axis Solicitors blog),https://axis.lawyer/ilr-uk-news-key-immigration-changes-for-2026/,Jet3 Holidays,1001,Paid Social,8647,362,review,high,immigration,"The placement is on a page clearly identified as discussing immigration policy changes, which falls under the 'review' category for this travel advertiser due to sensitivity around immigration-related content. The content does not indicate any hard unsafe categories such as aviation incidents or war. Therefore, a review decision is prudent to ensure alignment with advertiser policy.",,"{""confidence"": ""high"", ""decision"": ""review"", ""missing_evidence"": [], ""rationale"": ""The placement is on a page clearly identified as discussing immigration policy changes, which falls under the 'review' category for this travel advertiser due to sensitivity around immigration-related content. The content does not indicate any hard unsafe categories such as aviation incidents or war. Therefore, a review decision is prudent to ensure alignment with advertiser policy."", ""risk_categories"": [""immigration""]}"
34,Immigration (UK policy & practice),Kemi Badenoch: UK risks splitting into 'parallel societies' (The Times),https://www.thetimes.com/uk/politics/article/kemi-badenoch-integration-equality-law-2l3thbkr6,Plush Cosmetics,1004,Search,2026,138,review,high,immigration,"The placement relates to immigration policy, which is a review category for this advertiser. While there are no direct indications of harmful wellbeing, extremist, sexual, or other hard unsafe content, immigration content is flagged for review due to potential sensitivity and controversy.",body content,"{""confidence"": ""high"", ""decision"": ""review"", ""missing_evidence"": [""body content""], ""rationale"": ""The placement relates to immigration policy, which is a review category for this advertiser. While there are no direct indications of harmful wellbeing, extremist, sexual, or other hard unsafe content, immigration content is flagged for review due to potential sensitivity and controversy."", ""risk_categories"": [""immigration""]}"
35,Immigration (UK policy & practice),Treat us fairly: skilled workers and settled status proposals (The Guardian),https://www.theguardian.com/uk-news/2026/mar/03/skilled-workers-settled-status-in-uk-snatched-away,Plush Cosmetics,1004,Display,6164,5,review,high,immigration,"The placement is on an article about immigration policies, which is a review category for this advertiser due to its potential sensitivity and controversy around immigration topics. There is no evidence of explicit sexual content, extremism, or other hard unsafe categories. Given the topic falls under a review category, the placement should be reviewed to ensure appropriateness for the advertiser's sensitive wellbeing policies.",,"{""confidence"": ""high"", ""decision"": ""review"", ""missing_evidence"": [], ""rationale"": ""The placement is on an article about immigration policies, which is a review category for this advertiser due to its potential sensitivity and controversy around immigration topics. There is no evidence of explicit sexual content, extremism, or other hard unsafe categories. Given the topic falls under a review category, the placement should be reviewed to ensure appropriateness for the advertiser's sensitive wellbeing policies."", ""risk_categories"": [""immigration""]}"
36,Immigration (US policy),What will 2026 bring for US migration policy? (Brookings),https://www.brookings.edu/articles/what-will-2026-bring-for-us-migration-policy/,Jen & Berry's Ice Cream,1002,Search,5085,436,review,high,immigration,"The ad placement is on a page discussing US migration policy, which falls under the 'immigration' topic classified as a review category by the advertiser. Given the sensitivity around immigration topics and the advertiser's policy to review such content, this placement requires further review before approval.",,"{""confidence"": ""high"", ""decision"": ""review"", ""missing_evidence"": [], ""rationale"": ""The ad placement is on a page discussing US migration policy, which falls under the 'immigration' topic classified as a review category by the advertiser. Given the sensitivity around immigration topics and the advertiser's policy to review such content, this placement requires further review before approval."", ""risk_categories"": [""immigration""]}"
37,Immigration (US policy),How Americans view key Trump administration immigration policies (Pew Research Center),https://www.pewresearch.org/politics/2026/01/29/how-americans-view-key-trump-administration-immigration-policies/,Plush Cosmetics,1004,PMax,6321,424,review,high,immigration,"The placement is on a page discussing US immigration policies, which falls under the review category 'immigration'. There is no explicit harmful or sensitive content specified, but given the sensitivity of immigration topics, a review is appropriate.",,"{""confidence"": ""high"", ""decision"": ""review"", ""missing_evidence"": [], ""rationale"": ""The placement is on a page discussing US immigration policies, which falls under the review category 'immigration'. There is no explicit harmful or sensitive content specified, but given the sensitivity of immigration topics, a review is appropriate."", ""risk_categories"": [""immigration""]}"
38,Immigration (US policy),Texas congressman calls for halt of all U.S. immigration after Austin shooting (Houston Chronicle),https://www.chron.com/news/article/austin-shooting-chip-roy-21951254.php,Jen & Berry's Ice Cream,1002,Search,9805,16,review,high,immigration,"The placement URL and title relate to a sensitive and possibly divisive immigration topic, which aligns with the review category 'immigration' for the advertiser. Since the content might be sensitive or politically divisive, it warrants review but is not automatically unsafe. There are no indications of hard unsafe categories such as tobacco, weapons, or extremism.",,"{""confidence"": ""high"", ""decision"": ""review"", ""missing_evidence"": [], ""rationale"": ""The placement URL and title relate to a sensitive and possibly divisive immigration topic, which aligns with the review category 'immigration' for the advertiser. Since the content might be sensitive or politically divisive, it warrants review but is not automatically unsafe. There are no indications of hard unsafe categories such as tobacco, weapons, or extremism."", ""risk_categories"": [""immigration""]}"
39,Immigration (US policy),Center for Immigration Studies (CIS) – research organization (home),https://cis.org/,Jet3 Holidays,1001,Shopping,2437,196,review,high,immigration,"The placement is on a site focused on immigration policy, which falls under a review category for this advertiser. Although there is no direct evidence of hate speech or disinformation, the sensitive nature of immigration content warrants review to ensure alignment with advertiser policies.",,"{""confidence"": ""high"", ""decision"": ""review"", ""missing_evidence"": [], ""rationale"": ""The placement is on a site focused on immigration policy, which falls under a review category for this advertiser. Although there is no direct evidence of hate speech or disinformation, the sensitive nature of immigration content warrants review to ensure alignment with advertiser policies."", ""risk_categories"": [""immigration""]}"
40,Immigration (US policy),What will 2026 bring for US migration policy? (Brookings – same article),https://www.brookings.edu/articles/what-will-2026-bring-for-us-migration-policy/,Jet3 Holidays,1001,PMax,5985,447,review,high,immigration,"The placement article is specifically about US migration policy, which falls within the advertiser's review category of immigration. There is no evidence of hard unsafe categories such as aviation incidents or conflict, but immigration content is sensitive and requires review according to policy.",,"{""confidence"": ""high"", ""decision"": ""review"", ""missing_evidence"": [], ""rationale"": ""The placement article is specifically about US migration policy, which falls within the advertiser's review category of immigration. There is no evidence of hard unsafe categories such as aviation incidents or conflict, but immigration content is sensitive and requires review according to policy."", ""risk_categories"": [""immigration""]}"
41,Flight disasters (investigations),Investigation Report – Accident Reports (NTSB),https://www.ntsb.gov/investigations/AccidentReports/Pages/Reports.aspx,Jen & Berry's Ice Cream,1002,Search,4821,172,review,high,war_or_conflict,"The placement URL and title indicate content related to accident investigations, specifically flight disasters. Such content may involve sensitive topics related to accidents and possibly loss of life, which can be distressing and may not align with a family-friendly brand image. Although it does not fall into any hard unsafe categories, the seriousness and potentially graphic nature of accident reports warrant a review for suitability.",,"{""confidence"": ""high"", ""decision"": ""review"", ""missing_evidence"": [], ""rationale"": ""The placement URL and title indicate content related to accident investigations, specifically flight disasters. Such content may involve sensitive topics related to accidents and possibly loss of life, which can be distressing and may not align with a family-friendly brand image. Although it does not fall into any hard unsafe categories, the seriousness and potentially graphic nature of accident reports warrant a review for suitability."", ""risk_categories"": [""war_or_conflict""]}"
42,Flight disasters (investigations),NTSB Aviation Investigation Search (database),https://www.ntsb.gov/Pages/AviationQueryv2.aspx,Plush Cosmetics,1004,PMax,6323,261,review,medium,aviation_incident,"The placement content involves aviation incident investigations, which is a review category for this advertiser. While it is not directly harmful or explicit, the topic of flight disasters could raise sensitive concerns and thus warrants review rather than being considered fully safe.",,"{""confidence"": ""medium"", ""decision"": ""review"", ""missing_evidence"": [], ""rationale"": ""The placement content involves aviation incident investigations, which is a review category for this advertiser. While it is not directly harmful or explicit, the topic of flight disasters could raise sensitive concerns and thus warrants review rather than being considered fully safe."", ""risk_categories"": [""aviation_incident""]}"
43,Flight disasters (investigations),Air Accidents Investigation Branch reports (GOV.UK),https://www.gov.uk/aaib-reports,Jet3 Holidays,1001,Paid Social,3340,302,unsafe,high,aviation_incident,"The placement URL and topic directly relate to aviation incidents and flight disasters, which are considered a hard unsafe category for this advertiser that is extra-sensitive to aviation incidents. Therefore, the placement is unsafe.",,"{""confidence"": ""high"", ""decision"": ""unsafe"", ""missing_evidence"": [], ""rationale"": ""The placement URL and topic directly relate to aviation incidents and flight disasters, which are considered a hard unsafe category for this advertiser that is extra-sensitive to aviation incidents. Therefore, the placement is unsafe."", ""risk_categories"": [""aviation_incident""]}"
44,Flight disasters (investigations),AAIB current field investigations (GOV.UK),https://www.gov.uk/government/publications/aaib-current-field-investigations/air-accidents-investigation-branch-current-field-investigations,Moonbucks Coffee,1003,Paid Social,4459,285,review,high,aviation_incident,"The placement URL and title indicate content about ongoing investigations into flight disasters, which falls under the aviation_incident category. This is a review category per the advertiser's policy, making the placement potentially sensitive but not outright unsafe. Given the nature of the content and the advertiser's tolerance for neutral news but need to review aviation incidents, this placement should be flagged for review with high confidence.",,"{""confidence"": ""high"", ""decision"": ""review"", ""missing_evidence"": [], ""rationale"": ""The placement URL and title indicate content about ongoing investigations into flight disasters, which falls under the aviation_incident category. This is a review category per the advertiser's policy, making the placement potentially sensitive but not outright unsafe. Given the nature of the content and the advertiser's tolerance for neutral news but need to review aviation incidents, this placement should be flagged for review with high confidence."", ""risk_categories"": [""aviation_incident""]}"
45,Flight disasters (investigations),Aircraft Accident Investigation Bureau (India) – preliminary reports (home),https://aaib.gov.in/,Moonbucks Coffee,1003,Display,4613,213,review,high,aviation_incident,"The placement relates to flight disasters and investigations, which falls under the aviation_incident review category for the advertiser. Although the content is not explicitly unsafe, the sensitive nature requires review according to the advertiser's policy.",,"{""confidence"": ""high"", ""decision"": ""review"", ""missing_evidence"": [], ""rationale"": ""The placement relates to flight disasters and investigations, which falls under the aviation_incident review category for the advertiser. Although the content is not explicitly unsafe, the sensitive nature requires review according to the advertiser's policy."", ""risk_categories"": [""aviation_incident""]}"
46,Flight disasters (databases),Aviation Safety Network (home),https://aviation-safety.net/,Plush Cosmetics,1004,Display,7994,360,review,high,aviation_incident,"The placement is for a website focused on aviation safety and flight disasters, which falls under the 'aviation_incident' category listed as a review category for Plush Cosmetics. There is no evidence of explicit unsafe content; however, due to the sensitive nature of the content (disasters), a review decision is appropriate per policy guidelines.",,"{""confidence"": ""high"", ""decision"": ""review"", ""missing_evidence"": [], ""rationale"": ""The placement is for a website focused on aviation safety and flight disasters, which falls under the 'aviation_incident' category listed as a review category for Plush Cosmetics. There is no evidence of explicit unsafe content; however, due to the sensitive nature of the content (disasters), a review decision is appropriate per policy guidelines."", ""risk_categories"": [""aviation_incident""]}"
47,Flight disasters (databases),Recently issued accident investigation reports (Aviation Safety Network),https://aviation-safety.net/investigation/,Jen & Berry's Ice Cream,1002,Paid Social,4518,405,review,medium,unknown_content;war_or_conflict,"The placement is on a site about aviation accident investigations, which may contain sensitive or potentially distressing content related to disasters and conflicts. Although the advertiser avoids adult, tobacco, weapons, and extremist content, the topic might still present some sensitivity. There is no evidence of direct unsafe content such as tobacco or extremism, but the nature of disasters can overlap with war/conflict topics, placing it in review.",body content,"{""confidence"": ""medium"", ""decision"": ""review"", ""missing_evidence"": [""body content""], ""rationale"": ""The placement is on a site about aviation accident investigations, which may contain sensitive or potentially distressing content related to disasters and conflicts. Although the advertiser avoids adult, tobacco, weapons, and extremist content, the topic might still present some sensitivity. There is no evidence of direct unsafe content such as tobacco or extremism, but the nature of disasters can overlap with war/conflict topics, placing it in review."", ""risk_categories"": [""unknown_content"", ""war_or_conflict""]}"
48,Flight disasters (databases),Air Accidents Investigation Branch (organisation page) (GOV.UK),https://www.gov.uk/government/organisations/air-accidents-investigation-branch,Moonbucks Coffee,1003,Search,1218,89,review,high,aviation_incident,"The page relates to flight disasters and air accident investigations, which falls under the 'aviation_incident' category that requires review for Moonbucks Coffee. There is no evidence of any hard unsafe content categories, but due to the sensitive nature of the topic, review is prudent per policy.",,"{""confidence"": ""high"", ""decision"": ""review"", ""missing_evidence"": [], ""rationale"": ""The page relates to flight disasters and air accident investigations, which falls under the 'aviation_incident' category that requires review for Moonbucks Coffee. There is no evidence of any hard unsafe content categories, but due to the sensitive nature of the topic, review is prudent per policy."", ""risk_categories"": [""aviation_incident""]}"
49,Flight disasters (databases),Air Accidents Investigation Branch bulletin 1/2026 (PDF),https://assets.publishing.service.gov.uk/media/695e2ec58ab0677c14afdfac/AAIB_Bulletin_1-2026.pdf,Jet3 Holidays,1001,PMax,5909,1,unsafe,high,aviation_incident,"The placement links to a government bulletin specifically on air accidents investigations, representing aviation incident content which is a hard unsafe category for Jet3 Holidays. Given the advertiser's extra sensitivity to aviation incidents and the direct relevance of the content, this placement is unsafe.",,"{""confidence"": ""high"", ""decision"": ""unsafe"", ""missing_evidence"": [], ""rationale"": ""The placement links to a government bulletin specifically on air accidents investigations, representing aviation incident content which is a hard unsafe category for Jet3 Holidays. Given the advertiser's extra sensitivity to aviation incidents and the direct relevance of the content, this placement is unsafe."", ""risk_categories"": [""aviation_incident""]}"
50,Flight disasters (databases),DCA25MA108 – NTSB investigation page,https://www.ntsb.gov/investigations/Pages/DCA25MA108.aspx,Jet3 Holidays,1001,Paid Social,8196,2,unsafe,high,aviation_incident,"The placement URL and title indicate content about a specific flight disaster investigation by the NTSB, which falls squarely within the advertiser's hard unsafe category of aviation incidents. Given the advertiser's sensitivity to aviation incidents due to their travel focus, this placement is deemed unsafe for Jet3 Holidays.",,"{""confidence"": ""high"", ""decision"": ""unsafe"", ""missing_evidence"": [], ""rationale"": ""The placement URL and title indicate content about a specific flight disaster investigation by the NTSB, which falls squarely within the advertiser's hard unsafe category of aviation incidents. Given the advertiser's sensitivity to aviation incidents due to their travel focus, this placement is deemed unsafe for Jet3 Holidays."", ""risk_categories"": [""aviation_incident""]}"
51,Flight incidents / near-misses,Ryanair flight narrowly avoids crash at Seville Airport; investigation cited (The Sun Ireland),https://www.thesun.ie/travel/16589097/ryanair-flight-cork-avoids-crash-plane-spain/,Moonbucks Coffee,1003,PMax,8082,344,review,high,aviation_incident,"The placement is about a Ryanair flight narrowly avoiding a crash, which falls under the aviation_incident category. Since Moonbucks Coffee's policy marks aviation incidents as review content, this placement should be reviewed to ensure appropriateness despite it not being outright unsafe. There is sufficient title and topic evidence to categorize it as aviation_incident.",,"{""confidence"": ""high"", ""decision"": ""review"", ""missing_evidence"": [], ""rationale"": ""The placement is about a Ryanair flight narrowly avoiding a crash, which falls under the aviation_incident category. Since Moonbucks Coffee's policy marks aviation incidents as review content, this placement should be reviewed to ensure appropriateness despite it not being outright unsafe. There is sufficient title and topic evidence to categorize it as aviation_incident."", ""risk_categories"": [""aviation_incident""]}"
52,Flight incidents / near-misses,AAIB misses one-month deadline for Baramati crash preliminary report (New Indian Express),https://www.newindianexpress.com/nation/2026/Feb/27/aaib-misses-one-month-deadline-for-releasing-baramati-air-crash-preliminary-report,Jet3 Holidays,1001,Paid Social,1458,3,unsafe,high,aviation_incident,"The placement content relates directly to a flight incident, specifically a crash preliminary report, which falls under the advertiser's hard unsafe category of aviation_incident. Due to this direct association with an aviation incident, it is considered unsafe for the Jet3 Holidays advertiser.",,"{""confidence"": ""high"", ""decision"": ""unsafe"", ""missing_evidence"": [], ""rationale"": ""The placement content relates directly to a flight incident, specifically a crash preliminary report, which falls under the advertiser's hard unsafe category of aviation_incident. Due to this direct association with an aviation incident, it is considered unsafe for the Jet3 Holidays advertiser."", ""risk_categories"": [""aviation_incident""]}"
53,Flight incidents / near-misses,"Preliminary report into Baramati crash: low visibility, operational gaps cited (Times of India)",https://timesofindia.indiatimes.com/india/preliminary-report-into-baramati-crash-out-low-visibility-operational-gaps-cited/articleshow/128886790.cms,Jen & Berry's Ice Cream,1002,Shopping,4549,145,safe,high,,"The placement is on a news article reporting a flight incident related to operational gaps and low visibility. This content does not include any references to tobacco/nicotine, adult themes, extremism, weapons, or divisive political content. The article is informative in nature and does not conflict with the advertiser's family-friendly policy.",,"{""confidence"": ""high"", ""decision"": ""safe"", ""missing_evidence"": [], ""rationale"": ""The placement is on a news article reporting a flight incident related to operational gaps and low visibility. This content does not include any references to tobacco/nicotine, adult themes, extremism, weapons, or divisive political content. The article is informative in nature and does not conflict with the advertiser's family-friendly policy."", ""risk_categories"": []}"
54,Flight incidents / near-misses,"Turkish Air Force F-16 crashes near highway, pilot killed (AP News)",https://apnews.com/article/fa0fc75d46823eb2dd39f815de2d021f,Plush Cosmetics,1004,Shopping,7409,142,review,high,aviation_incident;war_or_conflict,"The placement is related to a Turkish Air Force F-16 crash resulting in a pilot's death, which involves an aviation incident and potentially war or conflict content. While the content is not explicitly related to the ad's unsafe categories, the tragic and sensitive nature of the aviation incident suggests caution. Therefore, review is appropriate for this placement given the advertiser's sensitivity to controversial and violent content.",,"{""confidence"": ""high"", ""decision"": ""review"", ""missing_evidence"": [], ""rationale"": ""The placement is related to a Turkish Air Force F-16 crash resulting in a pilot's death, which involves an aviation incident and potentially war or conflict content. While the content is not explicitly related to the ad's unsafe categories, the tragic and sensitive nature of the aviation incident suggests caution. Therefore, review is appropriate for this placement given the advertiser's sensitivity to controversial and violent content."", ""risk_categories"": [""aviation_incident"", ""war_or_conflict""]}"
55,Flight incidents / near-misses,AAIB reports index (GOV.UK) (searchable list),https://www.gov.uk/aaib-reports,Plush Cosmetics,1004,Display,5996,392,review,high,aviation_incident,"The placement URL and topic relate to flight incidents and near-misses, categorized as aviation incidents which is a review category for this advertiser. There is no evidence of hard unsafe content, but the nature of the content requires caution and review per policy.",,"{""confidence"": ""high"", ""decision"": ""review"", ""missing_evidence"": [], ""rationale"": ""The placement URL and topic relate to flight incidents and near-misses, categorized as aviation incidents which is a review category for this advertiser. There is no evidence of hard unsafe content, but the nature of the content requires caution and review per policy."", ""risk_categories"": [""aviation_incident""]}"
56,Sport competitions (calendar),2026 World Sporting Event Calendar (Topend Sports),https://www.topendsports.com/events/calendar-2026.htm,Moonbucks Coffee,1003,Shopping,5741,392,safe,high,,"The placement is a sporting event calendar, which does not belong to any hard unsafe or review categories. The content is neutral and appropriate for a broad-reach coffee brand such as Moonbucks Coffee.",,"{""confidence"": ""high"", ""decision"": ""safe"", ""missing_evidence"": [], ""rationale"": ""The placement is a sporting event calendar, which does not belong to any hard unsafe or review categories. The content is neutral and appropriate for a broad-reach coffee brand such as Moonbucks Coffee."", ""risk_categories"": []}"
57,Sport competitions (calendar),2026 sporting calendar: major sports events worldwide (Sport Social),https://content.sport-social.co.uk/blog/2026-sporting-calendar-major-sports-events,Plush Cosmetics,1004,Search,5955,363,safe,high,,"The placement URL leads to a page about sporting events calendars, a topic unrelated to any disallowed or sensitive categories for Plush Cosmetics, such as harmful wellbeing content, political extremism, tobacco, or explicit sexual content. The page topic and title indicate a safe environment for a beauty and cosmetics advertiser.",,"{""confidence"": ""high"", ""decision"": ""safe"", ""missing_evidence"": [], ""rationale"": ""The placement URL leads to a page about sporting events calendars, a topic unrelated to any disallowed or sensitive categories for Plush Cosmetics, such as harmful wellbeing content, political extremism, tobacco, or explicit sexual content. The page topic and title indicate a safe environment for a beauty and cosmetics advertiser."", ""risk_categories"": []}"
58,Sport competitions (calendar),Sports Events Calendar 2026 (SportsCover Direct),https://www.sportscoverdirect.com/scd-blog/sports-events-calendar-2026/,Jet3 Holidays,1001,Shopping,5558,175,safe,high,,"The placement is on a sports events calendar page related to sports competitions, which is unrelated to the advertiser's hard unsafe categories such as aviation incidents, war, terrorism, or related sensitive issues. The channel type is shopping but this does not introduce any risk for the given advertiser. There is no evidence of unsafe content based on the provided information.",,"{""confidence"": ""high"", ""decision"": ""safe"", ""missing_evidence"": [], ""rationale"": ""The placement is on a sports events calendar page related to sports competitions, which is unrelated to the advertiser's hard unsafe categories such as aviation incidents, war, terrorism, or related sensitive issues. The channel type is shopping but this does not introduce any risk for the given advertiser. There is no evidence of unsafe content based on the provided information."", ""risk_categories"": []}"
59,Sport competitions (calendar),Looking ahead: Britain’s sporting highlights in 2026 (VisitBritain),https://www.visitbritain.org/news-and-media/destination-news-and-inspiration/looking-ahead-britains-sporting-highlights-2026,Plush Cosmetics,1004,Search,9446,180,safe,high,,"The placement is on a page about Britain's sporting highlights in 2026, which is a neutral topic unrelated to any of the advertiser's hard unsafe or review categories. The page content is appropriate for a beauty and cosmetics advertiser with no indication of sensitive or harmful content.",,"{""confidence"": ""high"", ""decision"": ""safe"", ""missing_evidence"": [], ""rationale"": ""The placement is on a page about Britain's sporting highlights in 2026, which is a neutral topic unrelated to any of the advertiser's hard unsafe or review categories. The page content is appropriate for a beauty and cosmetics advertiser with no indication of sensitive or harmful content."", ""risk_categories"": []}"
60,Sport competitions (calendar),"2026 PLL, WLL Championship Series: Preview, schedule, rosters (ESPN)",https://www.espn.com/pll/story/_/id/48033101/2026-pll-wll-championship-series-lacrosse-sixes-top-players-teams-schedule,Jet3 Holidays,1001,PMax,8627,4,safe,high,,"The placement content is about a sports competition schedule with no indication or evidence of any aviation incidents, transport disruptions, war, terrorism, or related sensitive travel issues. There are no signs of any unsafe categories such as extremism, hate, propaganda, or weapons. Therefore, this placement is considered safe for the travel advertiser Jet3 Holidays.",,"{""confidence"": ""high"", ""decision"": ""safe"", ""missing_evidence"": [], ""rationale"": ""The placement content is about a sports competition schedule with no indication or evidence of any aviation incidents, transport disruptions, war, terrorism, or related sensitive travel issues. There are no signs of any unsafe categories such as extremism, hate, propaganda, or weapons. Therefore, this placement is considered safe for the travel advertiser Jet3 Holidays."", ""risk_categories"": []}"
61,Sport competitions (news),World Baseball Classic is here! (Gaslamp Ball),https://www.gaslampball.com/san-diego-padres-news/54107/world-baseball-classic-is-here,Moonbucks Coffee,1003,Search,6609,470,safe,high,,"The placement is about a sports event (World Baseball Classic), which is generally neutral and suitable for a broad-reach coffee brand like Moonbucks Coffee. There is no evidence of any high-risk or review category content in the page information provided.",,"{""confidence"": ""high"", ""decision"": ""safe"", ""missing_evidence"": [], ""rationale"": ""The placement is about a sports event (World Baseball Classic), which is generally neutral and suitable for a broad-reach coffee brand like Moonbucks Coffee. There is no evidence of any high-risk or review category content in the page information provided."", ""risk_categories"": []}"
62,Sport competitions (news),Team USA sets starting pitchers for WBC opener (Times of India),https://timesofindia.indiatimes.com/sports/mlb/news/team-usa-sets-its-best-starting-pitchers-with-cy-young-winners-leading-the-way-for-world-baseball-classic-opener/articleshow/128957698.cms,Jen & Berry's Ice Cream,1002,PMax,7432,515,safe,high,,"The placement is on a sports news article about Team USA's starting pitchers, which is family-friendly and unrelated to any hard unsafe categories such as tobacco, extremism, or adult content. There is no indication of sensitive topics relevant to the advertiser's prohibitions.",,"{""confidence"": ""high"", ""decision"": ""safe"", ""missing_evidence"": [], ""rationale"": ""The placement is on a sports news article about Team USA's starting pitchers, which is family-friendly and unrelated to any hard unsafe categories such as tobacco, extremism, or adult content. There is no indication of sensitive topics relevant to the advertiser's prohibitions."", ""risk_categories"": []}"
63,Sport competitions (news),"Barcelona vs Atlético Madrid, Copa del Rey: team news and preview (Barca Blaugranes)",https://www.barcablaugranes.com/barcelona-copa-del-rey/114048/barcelona-atletico-madrid-copa-del-rey-team-news-preview-lineups-score-prediction,Jen & Berry's Ice Cream,1002,Display,1734,79,safe,high,,"The placement is a sports news article about a football match preview, which aligns with family-friendly content and does not touch on any unsafe or review categories such as tobacco, adult content, extremism, or politics.",,"{""confidence"": ""high"", ""decision"": ""safe"", ""missing_evidence"": [], ""rationale"": ""The placement is a sports news article about a football match preview, which aligns with family-friendly content and does not touch on any unsafe or review categories such as tobacco, adult content, extremism, or politics."", ""risk_categories"": []}"
64,Sport competitions (news),Iga Swiatek returns to Indian Wells 2026 with chance to make history (Times of India),https://timesofindia.indiatimes.com/sports/international-sports/iga-swiatek-returns-to-indian-wells-2026-with-a-chance-to-make-history-as-the-first-woman-to-win-the-title-three-times/articleshow/128971466.cms,Plush Cosmetics,1004,Search,8540,459,safe,high,,"The ad placement is on a news article about a sports event, which does not involve any hard unsafe or review categories according to the advertiser's policy. The content is sports-related and safe for a beauty and cosmetics advertiser.",,"{""confidence"": ""high"", ""decision"": ""safe"", ""missing_evidence"": [], ""rationale"": ""The ad placement is on a news article about a sports event, which does not involve any hard unsafe or review categories according to the advertiser's policy. The content is sports-related and safe for a beauty and cosmetics advertiser."", ""risk_categories"": []}"
65,Sport competitions (news),Luke Littler nominated for Laureus World Breakthrough award (talkSPORT),https://talksport.com/darts/4019764/luke-littler-nominated-award-lando-norris-rory-mcilroy/,Jet3 Holidays,1001,Shopping,6159,81,safe,high,,"The placement is on a sports news page about a darts player nominated for an award, which does not relate to any hard unsafe categories for the travel advertiser. There is no evidence of aviation incidents, extremism, war, or other disallowed content. The channel type is shopping, which is neutral in this context. There is no evidence warranting a review based on the advertiser's sensitive categories.",,"{""confidence"": ""high"", ""decision"": ""safe"", ""missing_evidence"": [], ""rationale"": ""The placement is on a sports news page about a darts player nominated for an award, which does not relate to any hard unsafe categories for the travel advertiser. There is no evidence of aviation incidents, extremism, war, or other disallowed content. The channel type is shopping, which is neutral in this context. There is no evidence warranting a review based on the advertiser's sensitive categories."", ""risk_categories"": []}"
66,World Baseball Classic 2026,World Baseball Classic (official hub) (MLB.com),https://www.mlb.com/world-baseball-classic,Jen & Berry's Ice Cream,1002,Search,7749,639,safe,high,,"The placement is on the official MLB World Baseball Classic page, which is a family-friendly sports site with no indications of inappropriate content related to tobacco, adult themes, extremism, or other disallowed categories for this advertiser.",,"{""confidence"": ""high"", ""decision"": ""safe"", ""missing_evidence"": [], ""rationale"": ""The placement is on the official MLB World Baseball Classic page, which is a family-friendly sports site with no indications of inappropriate content related to tobacco, adult themes, extremism, or other disallowed categories for this advertiser."", ""risk_categories"": []}"
67,World Baseball Classic 2026,World Baseball Classic schedule (ESPN),https://www.espn.com/world-baseball-classic/schedule,Moonbucks Coffee,1003,Search,2406,58,safe,high,,"The placement is on a page about the World Baseball Classic schedule, a sports topic with no indication of any unsafe or sensitive content related to the advertiser's hard unsafe or review categories. The content is general interest and neutral, consistent with the advertiser's tolerance for neutral general-interest content.",,"{""confidence"": ""high"", ""decision"": ""safe"", ""missing_evidence"": [], ""rationale"": ""The placement is on a page about the World Baseball Classic schedule, a sports topic with no indication of any unsafe or sensitive content related to the advertiser's hard unsafe or review categories. The content is general interest and neutral, consistent with the advertiser's tolerance for neutral general-interest content."", ""risk_categories"": []}"
68,World Baseball Classic 2026,World Baseball Classic 2026: groups and schedule announced (WBSC),https://www.wbsc.org/en/news/world-baseball-classic-2026-groups-and-schedule-announced,Jet3 Holidays,1001,Search,1669,134,safe,high,,"The placement is about the World Baseball Classic 2026 group and schedule, a sports topic unrelated to the advertiser's sensitive categories such as aviation incidents, transport disruption, war, terrorism, or travel-adjacent disasters. There is no evidence of unsafe content in the placement.",,"{""confidence"": ""high"", ""decision"": ""safe"", ""missing_evidence"": [], ""rationale"": ""The placement is about the World Baseball Classic 2026 group and schedule, a sports topic unrelated to the advertiser's sensitive categories such as aviation incidents, transport disruption, war, terrorism, or travel-adjacent disasters. There is no evidence of unsafe content in the placement."", ""risk_categories"": []}"
69,World Baseball Classic 2026,"World Baseball Classic 2026: schedule, bracket, format, rosters and how to watch (Yahoo Sports)",https://sports.yahoo.com/mlb/article/world-baseball-classic-2026-schedule-bracket-format-rosters-and-how-to-watch-the-international-baseball-tournament-202329851.html,Jet3 Holidays,1001,Paid Social,1089,13,safe,high,,"The placement is on a sports-related article about the World Baseball Classic 2026 with no indication of any aviation incidents, transport disruptions, war, terrorism, or other sensitive content relevant to the advertiser's policies. The content is unrelated to the hard unsafe categories and no sensitive themes are detected.",,"{""confidence"": ""high"", ""decision"": ""safe"", ""missing_evidence"": [], ""rationale"": ""The placement is on a sports-related article about the World Baseball Classic 2026 with no indication of any aviation incidents, transport disruptions, war, terrorism, or other sensitive content relevant to the advertiser's policies. The content is unrelated to the hard unsafe categories and no sensitive themes are detected."", ""risk_categories"": []}"
70,World Baseball Classic 2026,World Baseball Classic is here! (Gaslamp Ball),https://www.gaslampball.com/san-diego-padres-news/54107/world-baseball-classic-is-here,Jen & Berry's Ice Cream,1002,Display,1609,140,safe,high,,"The placement is on a webpage about the World Baseball Classic, a sports event, with no indication of content related to tobacco, adult themes, extremism, weapons, or divisive political content. The advertiser's policy concerns are not triggered by the evidence provided.",,"{""confidence"": ""high"", ""decision"": ""safe"", ""missing_evidence"": [], ""rationale"": ""The placement is on a webpage about the World Baseball Classic, a sports event, with no indication of content related to tobacco, adult themes, extremism, weapons, or divisive political content. The advertiser's policy concerns are not triggered by the evidence provided."", ""risk_categories"": []}"
71,Travel blogs (2026 destinations),10 Hidden Gems to Visit in 2026 (FlyingCarpet.Travel),https://www.flyingcarpet.travel/blog/featured/travel-hidden-gems-to-visit-in-2026/,Plush Cosmetics,1004,Paid Social,6065,166,safe,high,,"The placement is on a travel blog discussing hidden travel destinations, which is unrelated to any restricted or sensitive categories like extremism, tobacco, sexual content, or political content. The content appears suitable and safe for a beauty and cosmetics advertiser.",,"{""confidence"": ""high"", ""decision"": ""safe"", ""missing_evidence"": [], ""rationale"": ""The placement is on a travel blog discussing hidden travel destinations, which is unrelated to any restricted or sensitive categories like extremism, tobacco, sexual content, or political content. The content appears suitable and safe for a beauty and cosmetics advertiser."", ""risk_categories"": []}"
72,Travel blogs (2026 destinations),Hidden Travel Gems for 2026 & 2027 (Hays Travel),https://www.haystravel.co.uk/blog/hidden-travel-gems-for-2026-2027-unmissable-adventures-off-the-beaten-path/,Moonbucks Coffee,1003,Display,6920,582,safe,high,,"The placement is a travel blog about destinations for 2026-2027, which is general-interest content consistent with the advertiser's policy tolerating neutral news and general interest topics. There are no indications of any hard unsafe categories or review categories in the channel type or content.",,"{""confidence"": ""high"", ""decision"": ""safe"", ""missing_evidence"": [], ""rationale"": ""The placement is a travel blog about destinations for 2026-2027, which is general-interest content consistent with the advertiser's policy tolerating neutral news and general interest topics. There are no indications of any hard unsafe categories or review categories in the channel type or content."", ""risk_categories"": []}"
73,Travel blogs (2026 destinations),Destination Dupes 2026: 26 Hidden Gems You Need to Visit (Not Just Travel),https://www.notjusttravel.com/blog/inspiration/destination-dupes-2026-26-hidden-gems-you-need-to-visit,Jet3 Holidays,1001,Search,4873,194,safe,high,,"The placement is a travel blog focusing on hidden travel destinations in 2026, which aligns with travel advertiser interests and does not involve any hard unsafe categories such as aviation incidents or war. The content is appropriate and relevant, with no indication of unsafe or sensitive content according to the supplied evidence.",,"{""confidence"": ""high"", ""decision"": ""safe"", ""missing_evidence"": [], ""rationale"": ""The placement is a travel blog focusing on hidden travel destinations in 2026, which aligns with travel advertiser interests and does not involve any hard unsafe categories such as aviation incidents or war. The content is appropriate and relevant, with no indication of unsafe or sensitive content according to the supplied evidence."", ""risk_categories"": []}"
74,Travel blogs (2026 destinations),Hidden Gem Travel Destinations for 2026 (Nicole's Travels),https://nicolestravels.com/hidden-gem-travel-destinations-2026/,Moonbucks Coffee,1003,Search,2632,53,safe,high,,"The placement is a travel blog article about hidden gem destinations for 2026, which is general-interest and neutral content appropriate for a broad-reach coffee brand. There is no indication of any unsafe or review category content such as explicit sexual content, extremism, hate speech, or other flagged categories.",,"{""confidence"": ""high"", ""decision"": ""safe"", ""missing_evidence"": [], ""rationale"": ""The placement is a travel blog article about hidden gem destinations for 2026, which is general-interest and neutral content appropriate for a broad-reach coffee brand. There is no indication of any unsafe or review category content such as explicit sexual content, extremism, hate speech, or other flagged categories."", ""risk_categories"": []}"
75,Travel blogs (2026 destinations),The Best Underrated Destinations for 2026 (Jamie Wake Travel),https://www.jamiewaketravel.co.uk/the-best-underrated-destinations-for-2026,Plush Cosmetics,1004,Display,2786,108,safe,high,,"The placement is a travel blog about underrated destinations in 2026, which does not relate to any hard unsafe or review categories specified for Plush Cosmetics. There is no indication of harmful wellbeing, controversial political, extremist, tobacco, sexual, or violent content in the evidence provided.",,"{""confidence"": ""high"", ""decision"": ""safe"", ""missing_evidence"": [], ""rationale"": ""The placement is a travel blog about underrated destinations in 2026, which does not relate to any hard unsafe or review categories specified for Plush Cosmetics. There is no indication of harmful wellbeing, controversial political, extremist, tobacco, sexual, or violent content in the evidence provided."", ""risk_categories"": []}"
76,Social media (trends 2026),The 18 social media trends to shape your 2026 strategy (Hootsuite),https://blog.hootsuite.com/social-media-trends/,Jen & Berry's Ice Cream,1002,Shopping,6076,347,safe,high,,"The placement URL and title indicate content about social media trends, which is unrelated to any hard unsafe categories like tobacco, adult themes, extremism, weapons, or divisive political content. The channel type is shopping but does not by itself indicate risk. There is no indication of sensitive content against the advertiser's policy.",,"{""confidence"": ""high"", ""decision"": ""safe"", ""missing_evidence"": [], ""rationale"": ""The placement URL and title indicate content about social media trends, which is unrelated to any hard unsafe categories like tobacco, adult themes, extremism, weapons, or divisive political content. The channel type is shopping but does not by itself indicate risk. There is no indication of sensitive content against the advertiser's policy."", ""risk_categories"": []}"
77,Social media (trends 2026),The next social wave: 6 predictions shaping social media strategies in 2026 (Forbes),https://www.forbes.com/councils/forbescommunicationscouncil/2026/01/02/the-next-social-wave-the-top-6-predictions-that-will-shape-social-media-strategies-in-2026/,Moonbucks Coffee,1003,Paid Social,7651,567,safe,high,,"The placement is on a Forbes article discussing social media trends, which is neutral general-interest content. It does not fall into any hard unsafe or review categories relevant to the advertiser's policy, making it suitable for advertisement.",,"{""confidence"": ""high"", ""decision"": ""safe"", ""missing_evidence"": [], ""rationale"": ""The placement is on a Forbes article discussing social media trends, which is neutral general-interest content. It does not fall into any hard unsafe or review categories relevant to the advertiser's policy, making it suitable for advertisement."", ""risk_categories"": []}"
78,Social media (trends 2026),14 Social Media Trends for 2026: The In's and Outs (MeetEdgar),https://meetedgar.com/blog/social-media-trends-2026-the-ins-and-outs,Plush Cosmetics,1004,Search,7010,473,safe,high,,"The placement is on a search channel with content titled '14 Social Media Trends for 2026: The In's and Outs' and the topic is social media trends, which does not intersect with any hard unsafe or review categories relevant to Plush Cosmetics policy. There is no indication of harmful, controversial, or sensitive content.",,"{""confidence"": ""high"", ""decision"": ""safe"", ""missing_evidence"": [], ""rationale"": ""The placement is on a search channel with content titled '14 Social Media Trends for 2026: The In's and Outs' and the topic is social media trends, which does not intersect with any hard unsafe or review categories relevant to Plush Cosmetics policy. There is no indication of harmful, controversial, or sensitive content."", ""risk_categories"": []}"
79,Social media (trends 2026),11 social media trends to watch in 2026 (Adobe Express),https://www.adobe.com/express/learn/blog/2026-social-media-trends,Jen & Berry's Ice Cream,1002,Search,5128,355,safe,high,,"The placement on a page about social media trends in 2026 appears to be neutral and family-friendly without any indication of content related to tobacco, adult themes, extremism, weapons, or divisive political subjects. The topic and title are clear and relevant, posing no apparent risk categories specified by the advertiser.",,"{""confidence"": ""high"", ""decision"": ""safe"", ""missing_evidence"": [], ""rationale"": ""The placement on a page about social media trends in 2026 appears to be neutral and family-friendly without any indication of content related to tobacco, adult themes, extremism, weapons, or divisive political subjects. The topic and title are clear and relevant, posing no apparent risk categories specified by the advertiser."", ""risk_categories"": []}"
80,Social media (trends 2026),Digital 2026 Global Overview Report (We Are Social),https://wearesocial.com/uk/blog/2025/10/digital-2026-global-overview-report/,Jen & Berry's Ice Cream,1002,Display,3365,138,safe,high,,"The placement URL and title indicate content about social media trends and a global overview report, which is unrelated to any of the advertiser's hard unsafe categories such as tobacco, extremism, or adult content. There is no evidence of policy-violating content in the provided metadata. The content appears appropriate and family-friendly relevant to the advertiser.",,"{""confidence"": ""high"", ""decision"": ""safe"", ""missing_evidence"": [], ""rationale"": ""The placement URL and title indicate content about social media trends and a global overview report, which is unrelated to any of the advertiser's hard unsafe categories such as tobacco, extremism, or adult content. There is no evidence of policy-violating content in the provided metadata. The content appears appropriate and family-friendly relevant to the advertiser."", ""risk_categories"": []}"
81,K-pop (2026 comebacks),BTS Begins Again (GQ cover story),https://www.gq.com/story/bts-begins-again-gq-cover-story-march-2026-interview,Plush Cosmetics,1004,Paid Social,6794,178,safe,high,,"The placement is an interview article related to K-pop, specifically about BTS, which does not involve any of the advertiser's hard unsafe categories or review categories. The content is about entertainment and music, aligning well with the beauty and cosmetics advertiser's acceptable content domains.",,"{""confidence"": ""high"", ""decision"": ""safe"", ""missing_evidence"": [], ""rationale"": ""The placement is an interview article related to K-pop, specifically about BTS, which does not involve any of the advertiser's hard unsafe categories or review categories. The content is about entertainment and music, aligning well with the beauty and cosmetics advertiser's acceptable content domains."", ""risk_categories"": []}"
82,K-pop (2026 comebacks),"BIGBANG, BTS, EXO, and the Biggest K-Pop Comebacks of 2026 (The Beat Asia)",https://thebeat.asia/vibe/celebs-influencers/2026-kpop-comebacks,Plush Cosmetics,1004,PMax,6091,277,safe,high,,"The placement content is about K-pop comebacks in 2026, which is related to music and entertainment and does not fall under any hard unsafe or review categories relevant to the advertiser Plush Cosmetics. There is no indication of sensitive, harmful, or controversial content based on the provided title and topic.",,"{""confidence"": ""high"", ""decision"": ""safe"", ""missing_evidence"": [], ""rationale"": ""The placement content is about K-pop comebacks in 2026, which is related to music and entertainment and does not fall under any hard unsafe or review categories relevant to the advertiser Plush Cosmetics. There is no indication of sensitive, harmful, or controversial content based on the provided title and topic."", ""risk_categories"": []}"
83,K-pop (2026 comebacks),"Major K-pop comebacks in 2026: BTS, BLACKPINK, EXO, BIGBANG, and more (KpopNewsWire)",https://kpopnewswire.com/major-k-pop-comebacks-in-2026-bts-blackpink-exo-bigbang-jisoo-and-more/,Jet3 Holidays,1001,Search,7455,456,safe,high,,"The placement is about K-pop music comebacks in 2026, which is unrelated to the advertiser's extra-sensitive categories such as aviation incidents, war, terrorism, or transport disruption. There is no evidence of unsafe or review categories within the content. Therefore, this placement is safe for Jet3 Holidays.",,"{""confidence"": ""high"", ""decision"": ""safe"", ""missing_evidence"": [], ""rationale"": ""The placement is about K-pop music comebacks in 2026, which is unrelated to the advertiser's extra-sensitive categories such as aviation incidents, war, terrorism, or transport disruption. There is no evidence of unsafe or review categories within the content. Therefore, this placement is safe for Jet3 Holidays."", ""risk_categories"": []}"
84,K-pop (2026 comebacks),ALL KPOP COMEBACK SCHEDULE 2026 (KpopOfficial),https://kpopofficial.com/kpop-comebacks/,Jen & Berry's Ice Cream,1002,Display,5544,281,safe,high,,"The placement URL and title indicate content related to K-pop comebacks in 2026, which is family-friendly entertainment content. There is no evidence of tobacco, adult themes, extremism, weapons, or divisive political content that would conflict with the advertiser's hard unsafe categories.",,"{""confidence"": ""high"", ""decision"": ""safe"", ""missing_evidence"": [], ""rationale"": ""The placement URL and title indicate content related to K-pop comebacks in 2026, which is family-friendly entertainment content. There is no evidence of tobacco, adult themes, extremism, weapons, or divisive political content that would conflict with the advertiser's hard unsafe categories."", ""risk_categories"": []}"
85,K-pop (2026 comebacks),Kpop comeback schedule 2026 (KpopArts),https://kpoparts.com/kpop-comeback-schedule/,Plush Cosmetics,1004,Shopping,7148,468,safe,high,,"The content is focused on K-pop comebacks scheduled for 2026, which falls under entertainment and music topics with no indication of any harmful or sensitive content related to the advertiser's hard unsafe or review categories. The channel type is shopping but this is likely related to K-pop merchandise rather than any sensitive content. There is no evidence of explicit sexual content, extremism, hate speech, tobacco, or other unsafe categories. Therefore, this placement is safe for Plush Cosmetics.",,"{""confidence"": ""high"", ""decision"": ""safe"", ""missing_evidence"": [], ""rationale"": ""The content is focused on K-pop comebacks scheduled for 2026, which falls under entertainment and music topics with no indication of any harmful or sensitive content related to the advertiser's hard unsafe or review categories. The channel type is shopping but this is likely related to K-pop merchandise rather than any sensitive content. There is no evidence of explicit sexual content, extremism, hate speech, tobacco, or other unsafe categories. Therefore, this placement is safe for Plush Cosmetics."", ""risk_categories"": []}"
86,K-pop (artist news),BTS partners with Netflix for ARIRANG comeback live show (Times of India),https://timesofindia.indiatimes.com/entertainment/k-pop/music/news/bts-partners-with-netflix-for-historic-global-arirang-comeback-live-show-everything-you-need-to-know/articleshow/128773938.cms,Jet3 Holidays,1001,PMax,9875,293,safe,high,,"The placement is about a K-pop music event, unrelated to travel or any of the advertiser's hard unsafe categories such as aviation incidents, war, or terrorism. There is no content indication of risk categories. Thus, the placement is safe for Jet3 Holidays.",,"{""confidence"": ""high"", ""decision"": ""safe"", ""missing_evidence"": [], ""rationale"": ""The placement is about a K-pop music event, unrelated to travel or any of the advertiser's hard unsafe categories such as aviation incidents, war, or terrorism. There is no content indication of risk categories. Thus, the placement is safe for Jet3 Holidays."", ""risk_categories"": []}"
87,K-pop (artist news),"BLACKPINK is better together than apart, and new mini-album 'Deadline' proves it (People)",https://people.com/blackpink-better-together-deadline-mini-album-11915789,Jen & Berry's Ice Cream,1002,Display,5755,293,safe,high,,"The placement URL and title indicate content related to K-pop artist news, specifically about BLACKPINK's new mini-album. There is no indication of any topics related to tobacco, adult themes, extremism, weapons, or divisive political content. This aligns well with the advertiser's family-friendly food brand policy. No categories requiring review or unsafe categorization are evident from the provided information.",,"{""confidence"": ""high"", ""decision"": ""safe"", ""missing_evidence"": [], ""rationale"": ""The placement URL and title indicate content related to K-pop artist news, specifically about BLACKPINK's new mini-album. There is no indication of any topics related to tobacco, adult themes, extremism, weapons, or divisive political content. This aligns well with the advertiser's family-friendly food brand policy. No categories requiring review or unsafe categorization are evident from the provided information."", ""risk_categories"": []}"
88,K-pop (artist news),BTS reunites for GQ March 2026 cover and discusses comeback pressure (allkpop),https://www.allkpop.com/article/2026/02/bts-reunites-for-gq-march-2026-cover-opens-up-about-comeback-pressure-and-new-album,Jet3 Holidays,1001,Search,1493,108,safe,high,,"The placement content is about K-pop artist BTS and their comeback pressure, which does not relate to travel risks such as aviation incidents, transport disruption, war, terrorism, or other hazardous topics specified in the advertiser's policy. No unsafe or review category topics are present.",,"{""confidence"": ""high"", ""decision"": ""safe"", ""missing_evidence"": [], ""rationale"": ""The placement content is about K-pop artist BTS and their comeback pressure, which does not relate to travel risks such as aviation incidents, transport disruption, war, terrorism, or other hazardous topics specified in the advertiser's policy. No unsafe or review category topics are present."", ""risk_categories"": []}"
89,K-pop (artist news),Kpop Comebacks in 2026: Ultimate guide & schedule (ExploreKoreaNow),https://explorekoreanow.com/kpop-comebacks-in-2026/,Moonbucks Coffee,1003,PMax,7352,43,safe,high,,"The placement is about K-pop comebacks scheduled for 2026, which is general entertainment content with no indication of any hard unsafe or review categories as per the advertiser policy. The topic and title do not suggest any blocked high-risk content, making it suitable for Moonbucks Coffee.",,"{""confidence"": ""high"", ""decision"": ""safe"", ""missing_evidence"": [], ""rationale"": ""The placement is about K-pop comebacks scheduled for 2026, which is general entertainment content with no indication of any hard unsafe or review categories as per the advertiser policy. The topic and title do not suggest any blocked high-risk content, making it suitable for Moonbucks Coffee."", ""risk_categories"": []}"
90,K-pop (artist news),"2026 K-pop comeback schedule: BTS, EXO, & BLACKPINK (Melonbeat)",https://melonbeat.com/2026-k-pop-comeback-schedule-bts-exo-blackpink/,Moonbucks Coffee,1003,Shopping,3976,280,safe,high,,"The placement is about K-pop artist news on a shopping channel, unrelated to any high-risk or review categories specified by the advertiser's policy. No unsafe or sensitive content indicated.",,"{""confidence"": ""high"", ""decision"": ""safe"", ""missing_evidence"": [], ""rationale"": ""The placement is about K-pop artist news on a shopping channel, unrelated to any high-risk or review categories specified by the advertiser's policy. No unsafe or sensitive content indicated."", ""risk_categories"": []}"
91,Online content moderation (extremism),AI Tools and the Alt-Right: a double-edged sword for P/CVE (GNET),https://gnet-research.org/2025/01/28/ai-tools-and-the-alt-right-a-double-edged-sword-for-p-cve/,Moonbucks Coffee,1003,Paid Social,7119,519,unsafe,high,extremism,"The placement is on a page discussing extremism, specifically related to the alt-right, which is categorized as a hard unsafe category for Moonbucks Coffee. Given the advertiser blocks universal high-risk content including extremism, this placement is unsafe.",,"{""confidence"": ""high"", ""decision"": ""unsafe"", ""missing_evidence"": [], ""rationale"": ""The placement is on a page discussing extremism, specifically related to the alt-right, which is categorized as a hard unsafe category for Moonbucks Coffee. Given the advertiser blocks universal high-risk content including extremism, this placement is unsafe."", ""risk_categories"": [""extremism""]}"
92,Online content moderation (extremism),"The role of AI in radicalisation, recruitment and terrorist propaganda (Frontiers)",https://www.frontiersin.org/journals/political-science/articles/10.3389/fpos.2025.1718396/full,Jet3 Holidays,1001,Shopping,7065,568,unsafe,high,extremism;propaganda_or_disinformation,"The placement is on a page about the role of AI in radicalisation, recruitment, and terrorist propaganda, which directly relates to extremism and propaganda, two hard unsafe categories for the advertiser Jet3 Holidays. Despite the channel being shopping, the content topic makes it unsafe for this travel advertiser given their policy sensitivity to extremism and related content.",,"{""confidence"": ""high"", ""decision"": ""unsafe"", ""missing_evidence"": [], ""rationale"": ""The placement is on a page about the role of AI in radicalisation, recruitment, and terrorist propaganda, which directly relates to extremism and propaganda, two hard unsafe categories for the advertiser Jet3 Holidays. Despite the channel being shopping, the content topic makes it unsafe for this travel advertiser given their policy sensitivity to extremism and related content."", ""risk_categories"": [""extremism"", ""propaganda_or_disinformation""]}"
93,Online content moderation (extremism),Global far-right extremist exploitation of AI and alt-tech (RSIS),https://www.rsis.edu.sg/ctta-newsarticle/global-far-right-extremist-exploitation-of-artificial-intelligence-and-alt-tech-the-cases-of-the-uk-us-australia-and-new-zealand/,Plush Cosmetics,1004,PMax,6409,318,unsafe,high,extremism,"The placement title and topic explicitly reference far-right extremism, which falls under the hard unsafe category for this advertiser. Therefore, the placement is unsafe despite the content seemingly being about moderation of extremist content.",,"{""confidence"": ""high"", ""decision"": ""unsafe"", ""missing_evidence"": [], ""rationale"": ""The placement title and topic explicitly reference far-right extremism, which falls under the hard unsafe category for this advertiser. Therefore, the placement is unsafe despite the content seemingly being about moderation of extremist content."", ""risk_categories"": [""extremism""]}"
94,Online content moderation (extremism),Extremist disinformation networks and narratives during crises (GNET analysis),https://disa.org/extremist-disinformation-networks-and-narratives-during-crises-a-gnet-analysis/,Jen & Berry's Ice Cream,1002,Shopping,3196,280,unsafe,high,extremism,"The placement URL and title indicate content related to extremist disinformation networks, which falls directly under the 'extremism' category. Extremism is listed as a hard unsafe category for this advertiser, making the placement unsafe.",,"{""confidence"": ""high"", ""decision"": ""unsafe"", ""missing_evidence"": [], ""rationale"": ""The placement URL and title indicate content related to extremist disinformation networks, which falls directly under the 'extremism' category. Extremism is listed as a hard unsafe category for this advertiser, making the placement unsafe."", ""risk_categories"": [""extremism""]}"
95,Online content moderation (extremism),GNET – Global Network on Extremism and Technology (home),https://gnet-research.org/,Jet3 Holidays,1001,Display,5823,331,review,high,extremism,"The placement is on a site focused on extremism (GNET – Global Network on Extremism and Technology), which falls under the advertiser's hard unsafe categories. However, since the site aims at research and moderation of extremism rather than promoting it, the placement is sensitive but not clearly unsafe. Given the advertiser's sensitivity to extremism-related content, a review decision is appropriate to ensure brand safety.",body content details;advertisement context on page,"{""confidence"": ""high"", ""decision"": ""review"", ""missing_evidence"": [""body content details"", ""advertisement context on page""], ""rationale"": ""The placement is on a site focused on extremism (GNET \u2013 Global Network on Extremism and Technology), which falls under the advertiser's hard unsafe categories. However, since the site aims at research and moderation of extremism rather than promoting it, the placement is sensitive but not clearly unsafe. Given the advertiser's sensitivity to extremism-related content, a review decision is appropriate to ensure brand safety."", ""risk_categories"": [""extremism""]}"
96,Aviation safety explainers,"Why Do Airplanes Crash? Main Causes, Recent Trends, and Safety Lessons (RESQ)",https://resq.com/why-do-airplanes-crash/,Jen & Berry's Ice Cream,1002,Shopping,8557,98,safe,high,,"The placement is on a page titled 'Why Do Airplanes Crash? Main Causes, Recent Trends, and Safety Lessons (RESQ)' focused on aviation safety explaining causes and safety lessons. This content is informational and does not relate to any hard unsafe categories such as tobacco, adult themes, extremism, weapons, or divisive political content. The channel type is Shopping, which is unrelated but does not introduce risk. No signals suggest any policy conflict.",,"{""confidence"": ""high"", ""decision"": ""safe"", ""missing_evidence"": [], ""rationale"": ""The placement is on a page titled 'Why Do Airplanes Crash? Main Causes, Recent Trends, and Safety Lessons (RESQ)' focused on aviation safety explaining causes and safety lessons. This content is informational and does not relate to any hard unsafe categories such as tobacco, adult themes, extremism, weapons, or divisive political content. The channel type is Shopping, which is unrelated but does not introduce risk. No signals suggest any policy conflict."", ""risk_categories"": []}"
97,Aviation safety explainers,Why modern planes still crash: the hidden chain of errors (Interesting Engineering),https://interestingengineering.com/transportation/why-modern-planes-still-crash,Plush Cosmetics,1004,Search,9591,20,review,high,aviation_incident,"The placement content discusses modern plane crashes and aviation safety, which falls under the 'aviation_incident' review category. Given Plush Cosmetics' sensitivity to controversial topics and wellness-related content, a review is warranted to confirm this placement aligns with brand safety requirements.",,"{""confidence"": ""high"", ""decision"": ""review"", ""missing_evidence"": [], ""rationale"": ""The placement content discusses modern plane crashes and aviation safety, which falls under the 'aviation_incident' review category. Given Plush Cosmetics' sensitivity to controversial topics and wellness-related content, a review is warranted to confirm this placement aligns with brand safety requirements."", ""risk_categories"": [""aviation_incident""]}"
98,Aviation safety explainers,NTSB Investigation Reports overview (NTSB),https://www.ntsb.gov/investigations/AccidentReports/Pages/Reports.aspx,Moonbucks Coffee,1003,Search,3822,15,review,high,aviation_incident,"The placement is on a page related to NTSB investigation reports focusing on aviation safety, which falls under 'aviation_incident' review category. Given that the advertiser Moonbucks Coffee allows neutral news but blocks high-risk content, and this category is flagged for review per policy, the decision is to review the placement for suitability.",,"{""confidence"": ""high"", ""decision"": ""review"", ""missing_evidence"": [], ""rationale"": ""The placement is on a page related to NTSB investigation reports focusing on aviation safety, which falls under 'aviation_incident' review category. Given that the advertiser Moonbucks Coffee allows neutral news but blocks high-risk content, and this category is flagged for review per policy, the decision is to review the placement for suitability."", ""risk_categories"": [""aviation_incident""]}"
99,Aviation safety explainers,Aviation Safety Network: investigation reports index,https://aviation-safety.net/investigation/,Jen & Berry's Ice Cream,1002,Shopping,8296,581,safe,high,,"The placement URL and title relate to aviation safety investigation reports, which is an informative and neutral subject unrelated to the advertiser's hard unsafe categories or sensitive topics. There is no indication of adult themes, tobacco/nicotine, extremism, weapons, or divisive political content. The channel type is shopping, which is unrelated but does not introduce risk. Thus, this placement is safe for a family-friendly food brand.",,"{""confidence"": ""high"", ""decision"": ""safe"", ""missing_evidence"": [], ""rationale"": ""The placement URL and title relate to aviation safety investigation reports, which is an informative and neutral subject unrelated to the advertiser's hard unsafe categories or sensitive topics. There is no indication of adult themes, tobacco/nicotine, extremism, weapons, or divisive political content. The channel type is shopping, which is unrelated but does not introduce risk. Thus, this placement is safe for a family-friendly food brand."", ""risk_categories"": []}"
100,Aviation safety explainers,Air Accidents Investigation Branch reports search (GOV.UK),https://www.gov.uk/aaib-reports,Plush Cosmetics,1004,Display,5794,79,review,high,aviation_incident,"The placement is on a government site providing aviation accident investigation reports, which falls under the aviation_incident review category. While it does not conflict with Plush Cosmetics' hard unsafe categories, its nature warrants a cautious review according to the advertiser's policy guidelines.",,"{""confidence"": ""high"", ""decision"": ""review"", ""missing_evidence"": [], ""rationale"": ""The placement is on a government site providing aviation accident investigation reports, which falls under the aviation_incident review category. While it does not conflict with Plush Cosmetics' hard unsafe categories, its nature warrants a cautious review according to the advertiser's policy guidelines."", ""risk_categories"": [""aviation_incident""]}"
101,Cooking (one-pot pasta),Magic one pot pasta recipes | olivemagazine,https://www.olivemagazine.com/recipes/collection/best-ever-one-pot-pasta-recipe-collection/,Jen & Berry's Ice Cream,1002,Shopping,1836,150,safe,high,,"The placement is on a cooking recipe page focused on one-pot pasta, which aligns with a family-friendly food context. There are no indications or evidence of content related to tobacco, adult themes, extremism, weapons, or divisive political content. The presence of some invalid clicks does not impact content safety for the brand's policy.",,"{""confidence"": ""high"", ""decision"": ""safe"", ""missing_evidence"": [], ""rationale"": ""The placement is on a cooking recipe page focused on one-pot pasta, which aligns with a family-friendly food context. There are no indications or evidence of content related to tobacco, adult themes, extremism, weapons, or divisive political content. The presence of some invalid clicks does not impact content safety for the brand's policy."", ""risk_categories"": []}"
102,Cooking (one-pot pasta),One pot pasta recipes - RecipeTin Eats,https://www.recipetineats.com/category/pasta-recipes/one-pot-pasta-recipes/,Jen & Berry's Ice Cream,1002,Shopping,6194,414,safe,high,,"The placement is on a family-friendly recipe site with content about one-pot pasta recipes, which aligns well with the advertiser's family-friendly food brand policy. There is no evidence of any hard unsafe or review risk categories such as tobacco, extremism, or adult themes on this page. The channel type 'Shopping' is appropriate for food-related content and consistent with the advertiser's brand.",,"{""confidence"": ""high"", ""decision"": ""safe"", ""missing_evidence"": [], ""rationale"": ""The placement is on a family-friendly recipe site with content about one-pot pasta recipes, which aligns well with the advertiser's family-friendly food brand policy. There is no evidence of any hard unsafe or review risk categories such as tobacco, extremism, or adult themes on this page. The channel type 'Shopping' is appropriate for food-related content and consistent with the advertiser's brand."", ""risk_categories"": []}"
103,Cooking (one-pot pasta),22 Easy One-Pot Pastas for Busy Weeknights | Food Network,https://www.foodnetwork.com/recipes/packages/comfort-foods/easy-one-pot-meals/one-pot-pastas,Jet3 Holidays,1001,Shopping,1297,124,safe,high,,"The placement is on a cooking-related page about easy one-pot pasta recipes, which is unrelated to sensitive topics affecting this travel advertiser, such as aviation incidents, war, terrorism, or transport disruption. There is no evidence of policy-sensitive content categories in the placement.",,"{""confidence"": ""high"", ""decision"": ""safe"", ""missing_evidence"": [], ""rationale"": ""The placement is on a cooking-related page about easy one-pot pasta recipes, which is unrelated to sensitive topics affecting this travel advertiser, such as aviation incidents, war, terrorism, or transport disruption. There is no evidence of policy-sensitive content categories in the placement."", ""risk_categories"": []}"
104,Cooking (one-pot pasta),30 One-Pot Pasta Recipes for Magically Easy Dinners - Kitchn,https://www.thekitchn.com/one-pot-pasta-recipes-261459,Jet3 Holidays,1001,Display,9256,21,safe,high,,"The placement content is focused on cooking recipes with no indication of sensitive topics relevant to the advertiser's hard unsafe or review categories. The content does not relate to aviation incidents, transport disruption, war, terrorism, or travel-adjacent disasters. Invalid click rate is low and does not impact the safety judgment.",,"{""confidence"": ""high"", ""decision"": ""safe"", ""missing_evidence"": [], ""rationale"": ""The placement content is focused on cooking recipes with no indication of sensitive topics relevant to the advertiser's hard unsafe or review categories. The content does not relate to aviation incidents, transport disruption, war, terrorism, or travel-adjacent disasters. Invalid click rate is low and does not impact the safety judgment."", ""risk_categories"": []}"
105,Cooking (one-pot pasta),17 Satisfying One-Pot Pasta Dinners With 5 Ingredients or Less,https://uk.style.yahoo.com/17-satisfying-one-pot-pasta-170200817.html,Jet3 Holidays,1001,PMax,7039,346,safe,high,,"The placement is an article about cooking one-pot pasta dinners, unrelated to travel or any sensitive categories under the advertiser's policy. There are no indications of aviation incidents, transport disruption, war, terrorism, or other unsafe topics. Therefore, it is safe for the travel advertiser Jet3 Holidays.",,"{""confidence"": ""high"", ""decision"": ""safe"", ""missing_evidence"": [], ""rationale"": ""The placement is an article about cooking one-pot pasta dinners, unrelated to travel or any sensitive categories under the advertiser's policy. There are no indications of aviation incidents, transport disruption, war, terrorism, or other unsafe topics. Therefore, it is safe for the travel advertiser Jet3 Holidays."", ""risk_categories"": []}"
106,Travel / holidays,Travel Articles from The Travel Magazine,https://www.thetravelmagazine.net/articles/,Moonbucks Coffee,1003,Shopping,1855,11,safe,high,,"The placement is on a travel article site with neutral content related to travel and holidays, which aligns with the advertiser's tolerance for general-interest content. There are no indicators of hard unsafe or review categories present in the evidence.",,"{""confidence"": ""high"", ""decision"": ""safe"", ""missing_evidence"": [], ""rationale"": ""The placement is on a travel article site with neutral content related to travel and holidays, which aligns with the advertiser's tolerance for general-interest content. There are no indicators of hard unsafe or review categories present in the evidence."", ""risk_categories"": []}"
107,Travel / holidays,"Travel | Holiday advice, news & hotel reviews - The Independent",https://www.independent.co.uk/travel,Plush Cosmetics,1004,Paid Social,5298,154,safe,high,,"The placement is on a travel and holiday advice site with no evidence of harmful wellbeing, controversial political, extremist, tobacco, sexual, or violent content. The content aligns with a safe and positive context suitable for a beauty and cosmetics advertiser.",,"{""confidence"": ""high"", ""decision"": ""safe"", ""missing_evidence"": [], ""rationale"": ""The placement is on a travel and holiday advice site with no evidence of harmful wellbeing, controversial political, extremist, tobacco, sexual, or violent content. The content aligns with a safe and positive context suitable for a beauty and cosmetics advertiser."", ""risk_categories"": []}"
108,Travel / holidays,Saga Travel Blog: Destination Guides & Travel Advice - Saga Holidays,https://holiday.saga.co.uk/blog,Moonbucks Coffee,1003,Paid Social,9048,569,safe,high,,"The placement is on a travel blog focused on destination guides and travel advice, which is a neutral and general-interest content suitable for a broad-reach coffee brand like Moonbucks Coffee. There is no indication of any hard unsafe or review categories present in the content based on the evidence provided.",,"{""confidence"": ""high"", ""decision"": ""safe"", ""missing_evidence"": [], ""rationale"": ""The placement is on a travel blog focused on destination guides and travel advice, which is a neutral and general-interest content suitable for a broad-reach coffee brand like Moonbucks Coffee. There is no indication of any hard unsafe or review categories present in the content based on the evidence provided."", ""risk_categories"": []}"
109,Travel / holidays,Travel Articles - The Independent (travel section landing),https://www.independent.co.uk/travel,Jet3 Holidays,1001,Paid Social,5994,411,safe,high,,"The placement is on a travel section of a reputable news site with clear indication of travel-related content. There is no evidence of content related to the advertiser's hard unsafe categories. The invalid clicks ratio does not suggest suspicious activity or click quality issues that would require review. Therefore, the placement is safe for the advertiser.",,"{""confidence"": ""high"", ""decision"": ""safe"", ""missing_evidence"": [], ""rationale"": ""The placement is on a travel section of a reputable news site with clear indication of travel-related content. There is no evidence of content related to the advertiser's hard unsafe categories. The invalid clicks ratio does not suggest suspicious activity or click quality issues that would require review. Therefore, the placement is safe for the advertiser."", ""risk_categories"": []}"
110,Travel / holidays,Travel Articles listing - The Travel Magazine (articles index),https://www.thetravelmagazine.net/articles/,Jen & Berry's Ice Cream,1002,PMax,2822,265,safe,high,,"The placement is on a travel articles listing page, which is generally family-friendly and unrelated to any of the advertiser's hard unsafe or review categories. No evidence suggests the presence of prohibited content such as tobacco, adult themes, weapons, extremism, or divisive political content.",,"{""confidence"": ""high"", ""decision"": ""safe"", ""missing_evidence"": [], ""rationale"": ""The placement is on a travel articles listing page, which is generally family-friendly and unrelated to any of the advertiser's hard unsafe or review categories. No evidence suggests the presence of prohibited content such as tobacco, adult themes, weapons, extremism, or divisive political content."", ""risk_categories"": []}"
111,Technology (MWC / devices / trends),The best mobile tech announced at MWC 2026 so far,https://www.theverge.com/tech/882992/mobile-world-congress-mwc-2026-smartphones-laptops-headphones,Jet3 Holidays,1001,PMax,3425,295,safe,high,,"The content is about technology announcements at Mobile World Congress 2026, focusing on smartphones, laptops, and headphones, which is unrelated to any of the advertiser's hard unsafe categories such as aviation incidents, war, or terrorism. There is no evidence of sensitive content involving transport disruption or travel-adjacent disasters. The invalid clicks do not indicate unsafe content.",,"{""confidence"": ""high"", ""decision"": ""safe"", ""missing_evidence"": [], ""rationale"": ""The content is about technology announcements at Mobile World Congress 2026, focusing on smartphones, laptops, and headphones, which is unrelated to any of the advertiser's hard unsafe categories such as aviation incidents, war, or terrorism. There is no evidence of sensitive content involving transport disruption or travel-adjacent disasters. The invalid clicks do not indicate unsafe content."", ""risk_categories"": []}"
112,Technology (MWC / devices / trends),"Samsung rolls out more AI, new privacy shield mode with the new Galaxy S26 lineup",https://apnews.com/article/b23e8c9c51c2d09e772fe8709b867ca7,Jen & Berry's Ice Cream,1002,Display,3841,383,safe,high,,"The placement corresponds to an article on technology and product releases by Samsung, which does not contain any content related to the advertiser's hard unsafe categories such as tobacco, weapons, extremism, or adult themes. The content aligns with family-friendly standards and is appropriate for a food brand audience.",,"{""confidence"": ""high"", ""decision"": ""safe"", ""missing_evidence"": [], ""rationale"": ""The placement corresponds to an article on technology and product releases by Samsung, which does not contain any content related to the advertiser's hard unsafe categories such as tobacco, weapons, extremism, or adult themes. The content aligns with family-friendly standards and is appropriate for a food brand audience."", ""risk_categories"": []}"
113,Technology (MWC / devices / trends),Ericsson maps out the road to fully commercial 6G networks at MWC 2026,https://www.itpro.com/infrastructure/networking/ericsson-maps-out-the-road-to-fully-commercial-6g-networks-at-mwc-2026,Plush Cosmetics,1004,Paid Social,3347,16,safe,high,,The placement is on a technology-focused article about 6G networks with no indication of any content related to the advertiser's hard unsafe or review categories. The content appears non-controversial and unrelated to any restricted topics for Plush Cosmetics.,,"{""confidence"": ""high"", ""decision"": ""safe"", ""missing_evidence"": [], ""rationale"": ""The placement is on a technology-focused article about 6G networks with no indication of any content related to the advertiser's hard unsafe or review categories. The content appears non-controversial and unrelated to any restricted topics for Plush Cosmetics."", ""risk_categories"": []}"
114,Technology (MWC / devices / trends),Top Technology Trends That Will Shape in 2026: Emerging ... - Tech Times,https://www.techtimes.com/articles/313559/20251231/top-technology-trends-that-will-shape-2026-emerging-tech-what-expect-next-year.htm,Plush Cosmetics,1004,Shopping,6121,19,safe,high,,"The placement is on a shopping channel featuring an article about technology trends, which does not match any of Plush Cosmetics' hard unsafe or review categories. There is no evidence of harmful wellbeing, controversial political, extremist, tobacco, sexual, or violent content.",,"{""confidence"": ""high"", ""decision"": ""safe"", ""missing_evidence"": [], ""rationale"": ""The placement is on a shopping channel featuring an article about technology trends, which does not match any of Plush Cosmetics' hard unsafe or review categories. There is no evidence of harmful wellbeing, controversial political, extremist, tobacco, sexual, or violent content."", ""risk_categories"": []}"
115,Technology (MWC / devices / trends),The Most Impactful Business Technology Trends To Watch In 2026 - Forbes,https://www.forbes.com/councils/forbestechcouncil/2025/12/22/the-most-impactful-business-technology-trends-to-watch-for-2026/,Plush Cosmetics,1004,Search,7303,724,safe,high,,"The placement is an article on Forbes about business technology trends, which does not touch on any sensitive or harmful content categories relevant to Plush Cosmetics' policies. The topic is technology, with no indication of problematic content such as wellbeing harms, extremism, sexual content, or other hard unsafe categories.",,"{""confidence"": ""high"", ""decision"": ""safe"", ""missing_evidence"": [], ""rationale"": ""The placement is an article on Forbes about business technology trends, which does not touch on any sensitive or harmful content categories relevant to Plush Cosmetics' policies. The topic is technology, with no indication of problematic content such as wellbeing harms, extremism, sexual content, or other hard unsafe categories."", ""risk_categories"": []}"
116,Sex & relationships education (non-explicit),Blog — School of Sexuality Education,https://schoolofsexed.org/blog,Jen & Berry's Ice Cream,1002,Paid Social,2066,113,review,high,adult_or_relationships,"The placement is on a blog about sexuality education, which may include adult or relationship content that is sensitive for a family-friendly food brand. Although the content is described as non-explicit, it still falls under the review category 'adult_or_relationships' per advertiser policy. There is no evidence of hard unsafe categories like explicit sexual content or tobacco.",,"{""confidence"": ""high"", ""decision"": ""review"", ""missing_evidence"": [], ""rationale"": ""The placement is on a blog about sexuality education, which may include adult or relationship content that is sensitive for a family-friendly food brand. Although the content is described as non-explicit, it still falls under the review category 'adult_or_relationships' per advertiser policy. There is no evidence of hard unsafe categories like explicit sexual content or tobacco."", ""risk_categories"": [""adult_or_relationships""]}"
117,Sex & relationships education (non-explicit),New RSHE guidance: what parents need to know - The Education Hub,https://educationhub.blog.gov.uk/2025/07/new-rshe-guidance-what-parents-need-to-know/,Jen & Berry's Ice Cream,1002,Search,6552,119,review,high,adult_or_relationships,"The placement is on a page about sex and relationships education, a topic categorized under adult_or_relationships that requires review due to the sensitive nature for a family-friendly ice cream brand. There is no evidence of explicit content, but the subject matter falls under the review category.",,"{""confidence"": ""high"", ""decision"": ""review"", ""missing_evidence"": [], ""rationale"": ""The placement is on a page about sex and relationships education, a topic categorized under adult_or_relationships that requires review due to the sensitive nature for a family-friendly ice cream brand. There is no evidence of explicit content, but the subject matter falls under the review category."", ""risk_categories"": [""adult_or_relationships""]}"
118,Sex & relationships education (non-explicit),Sexual Health Education for Behavior Change: Revisiting How Much is ... (ScienceDirect),https://www.sciencedirect.com/science/article/pii/S1054139X25002344,Jen & Berry's Ice Cream,1002,Display,8766,125,review,medium,adult_or_relationships,"The placement is related to sex and relationships education, which falls under the adult_or_relationships review category for the advertiser. Although the topic is non-explicit and educational, it is sensitive and warrants review according to the advertiser's guidelines.",,"{""confidence"": ""medium"", ""decision"": ""review"", ""missing_evidence"": [], ""rationale"": ""The placement is related to sex and relationships education, which falls under the adult_or_relationships review category for the advertiser. Although the topic is non-explicit and educational, it is sensitive and warrants review according to the advertiser's guidelines."", ""risk_categories"": [""adult_or_relationships""]}"
119,Sex & relationships education (non-explicit),Why aren't we talking more about consent? (School of Sex Ed blog index),https://schoolofsexed.org/blog,Jen & Berry's Ice Cream,1002,Display,5779,347,review,high,adult_or_relationships,"The placement is on a site about sex and relationships education, which is non-explicit but still related to adult or relationship topics. Given the advertiser's sensitivity to adult themes and family-friendly positioning, this content requires review to ensure alignment with brand safety. There is no evidence of hard unsafe categories such as tobacco, extremism, or explicit content. The topic does not directly breach any hard unsafe categories but falls within a sensitive review category.",,"{""confidence"": ""high"", ""decision"": ""review"", ""missing_evidence"": [], ""rationale"": ""The placement is on a site about sex and relationships education, which is non-explicit but still related to adult or relationship topics. Given the advertiser's sensitivity to adult themes and family-friendly positioning, this content requires review to ensure alignment with brand safety. There is no evidence of hard unsafe categories such as tobacco, extremism, or explicit content. The topic does not directly breach any hard unsafe categories but falls within a sensitive review category."", ""risk_categories"": [""adult_or_relationships""]}"
120,Sex & relationships education (non-explicit),How we bust myths and misinformation around HIV / AIDS (School of Sex Ed blog index),https://schoolofsexed.org/blog,Plush Cosmetics,1004,Paid Social,7746,152,review,high,adult_or_relationships,"The placement is on a site focused on sex and relationships education, which falls under the review category for the advertiser Plush Cosmetics due to sensitivity around adult or relationship content. Although the content is specified as non-explicit, the subject matter means it is safer to assign a review decision to ensure alignment with advertiser policy.",,"{""confidence"": ""high"", ""decision"": ""review"", ""missing_evidence"": [], ""rationale"": ""The placement is on a site focused on sex and relationships education, which falls under the review category for the advertiser Plush Cosmetics due to sensitivity around adult or relationship content. Although the content is specified as non-explicit, the subject matter means it is safer to assign a review decision to ensure alignment with advertiser policy."", ""risk_categories"": [""adult_or_relationships""]}"
121,Politics (commentary/newsletters),Letters from an American | Heather Cox Richardson | Substack,https://heathercoxrichardson.substack.com/,Plush Cosmetics,1004,Paid Social,6719,623,review,high,politics,"The placement is on a political commentary/newsletter site, which falls under the review categories due to potential sensitivity around politics. The advertiser Plush Cosmetics requests review for political content. There is no evidence of hard unsafe categories such as explicit sexual content, extremism or tobacco.",body_content,"{""confidence"": ""high"", ""decision"": ""review"", ""missing_evidence"": [""body_content""], ""rationale"": ""The placement is on a political commentary/newsletter site, which falls under the review categories due to potential sensitivity around politics. The advertiser Plush Cosmetics requests review for political content. There is no evidence of hard unsafe categories such as explicit sexual content, extremism or tobacco."", ""risk_categories"": [""politics""]}"
122,Politics (commentary/newsletters),"Politics Chat, February 26, 2026",https://heathercoxrichardson.substack.com/p/politics-chat-february-26-2026,Jet3 Holidays,1001,Paid Social,6765,513,review,high,politics,"The placement URL leads to a politics commentary newsletter, which matches the topic 'Politics'. Given the advertiser's sensitivity to travel-adjacent disasters and the presence of political content, there is potential sensitivity but no direct evidence of unsafe categories. Hence, this placement should be reviewed for suitability regarding political content.",body content,"{""confidence"": ""high"", ""decision"": ""review"", ""missing_evidence"": [""body content""], ""rationale"": ""The placement URL leads to a politics commentary newsletter, which matches the topic 'Politics'. Given the advertiser's sensitivity to travel-adjacent disasters and the presence of political content, there is potential sensitivity but no direct evidence of unsafe categories. Hence, this placement should be reviewed for suitability regarding political content."", ""risk_categories"": [""politics""]}"
123,Politics (commentary/newsletters),Comment is Freed | Sam Freedman | Substack,https://samf.substack.com/,Plush Cosmetics,1004,Paid Social,2858,108,review,high,politics,"The placement is on a political commentary newsletter, which is among the review categories for this beauty and cosmetics advertiser. Since politics can be a sensitive area potentially linked to controversial or polarizing content, this placement requires review to ensure compliance with the advertiser's policy.",,"{""confidence"": ""high"", ""decision"": ""review"", ""missing_evidence"": [], ""rationale"": ""The placement is on a political commentary newsletter, which is among the review categories for this beauty and cosmetics advertiser. Since politics can be a sensitive area potentially linked to controversial or polarizing content, this placement requires review to ensure compliance with the advertiser's policy."", ""risk_categories"": [""politics""]}"
124,Politics (commentary/newsletters),Democracy for Sale | Peter Geoghegan | Substack,https://democracyforsale.substack.com/,Jet3 Holidays,1001,Shopping,1386,20,review,high,politics,"The placement is on a politics-related Substack newsletter, which falls under the review category for the advertiser Jet3 Holidays due to potential sensitivity around political content. There is no direct evidence of hard unsafe categories such as aviation incidents or war-related content, but political content can be sensitive and may impact ad placement appropriateness. Given the nature of the content and advertiser sensitivity, the placement merits review.",body_content;detailed content analysis,"{""confidence"": ""high"", ""decision"": ""review"", ""missing_evidence"": [""body_content"", ""detailed content analysis""], ""rationale"": ""The placement is on a politics-related Substack newsletter, which falls under the review category for the advertiser Jet3 Holidays due to potential sensitivity around political content. There is no direct evidence of hard unsafe categories such as aviation incidents or war-related content, but political content can be sensitive and may impact ad placement appropriateness. Given the nature of the content and advertiser sensitivity, the placement merits review."", ""risk_categories"": [""politics""]}"
125,Politics (commentary/newsletters),Dominic Cummings substack | Substack,https://dominiccummings.substack.com/,Moonbucks Coffee,1003,Shopping,8263,718,review,high,politics,"The placement URL content is related to politics, which is explicitly listed as a review category. Since Moonbucks Coffee tolerates neutral news but not high-risk or sensitive categories without review, this placement requires review to assess suitability. The channel type is shopping, which is neutral, but the subject matter is politically charged.",body content details;explicitness of political commentary;tone of the political content,"{""confidence"": ""high"", ""decision"": ""review"", ""missing_evidence"": [""body content details"", ""explicitness of political commentary"", ""tone of the political content""], ""rationale"": ""The placement URL content is related to politics, which is explicitly listed as a review category. Since Moonbucks Coffee tolerates neutral news but not high-risk or sensitive categories without review, this placement requires review to assess suitability. The channel type is shopping, which is neutral, but the subject matter is politically charged."", ""risk_categories"": [""politics""]}"
126,War / conflict (Ukraine / geopolitics),"Ukraine war briefing: Russia's army records slowest advance since 2024 amid Starlink cut, data shows",https://www.theguardian.com/world/2026/mar/03/ukraine-war-briefing-russia-army-records-slowest-advance-since-2024-amid-starlink-cut-data-shows,Jen & Berry's Ice Cream,1002,Search,1588,20,review,high,war_or_conflict,"The placement is associated with news content about the Ukraine war, which falls under the war_or_conflict category. While this is not a hard unsafe category, the advertiser is sensitive to divisive political content and such topics could be sensitive or unsuitable for a family-friendly food brand. Therefore, the placement warrants review before approval.",,"{""confidence"": ""high"", ""decision"": ""review"", ""missing_evidence"": [], ""rationale"": ""The placement is associated with news content about the Ukraine war, which falls under the war_or_conflict category. While this is not a hard unsafe category, the advertiser is sensitive to divisive political content and such topics could be sensitive or unsuitable for a family-friendly food brand. Therefore, the placement warrants review before approval."", ""risk_categories"": [""war_or_conflict""]}"
127,War / conflict (Ukraine / geopolitics),EU urges Ukraine to allow access to pipeline carrying Russian oil,https://www.ft.com/content/8f5f18fb-311d-4df0-805c-063b292506b3,Plush Cosmetics,1004,Shopping,5102,339,review,high,war_or_conflict,"The placement topic is related to war and conflict, which is a sensitive issue for the advertiser Plush Cosmetics who is sensitive to controversial and harmful wellbeing content. This falls under the review category 'war_or_conflict' and may affect brand safety. There is no evidence of hard unsafe categories like explicit sexual content or extremism, but given the nature of the topic, a review decision is prudent.",,"{""confidence"": ""high"", ""decision"": ""review"", ""missing_evidence"": [], ""rationale"": ""The placement topic is related to war and conflict, which is a sensitive issue for the advertiser Plush Cosmetics who is sensitive to controversial and harmful wellbeing content. This falls under the review category 'war_or_conflict' and may affect brand safety. There is no evidence of hard unsafe categories like explicit sexual content or extremism, but given the nature of the topic, a review decision is prudent."", ""risk_categories"": [""war_or_conflict""]}"
128,War / conflict (Ukraine / geopolitics),"Russia-Ukraine war: List of key events, day 1,464",https://www.aljazeera.com/news/2026/2/27/russia-ukraine-war-list-of-key-events-day-1464,Plush Cosmetics,1004,Search,2223,108,review,high,war_or_conflict,"The ad placement is on a page covering the ongoing Russia-Ukraine war, a potentially sensitive geopolitical conflict. Plush Cosmetics' policy flags war or conflict topics for review to avoid association with sensitive or controversial content. There is no evidence of hard unsafe categories such as extremism or violence, but the war/conflict topic warrants review per policy.",,"{""confidence"": ""high"", ""decision"": ""review"", ""missing_evidence"": [], ""rationale"": ""The ad placement is on a page covering the ongoing Russia-Ukraine war, a potentially sensitive geopolitical conflict. Plush Cosmetics' policy flags war or conflict topics for review to avoid association with sensitive or controversial content. There is no evidence of hard unsafe categories such as extremism or violence, but the war/conflict topic warrants review per policy."", ""risk_categories"": [""war_or_conflict""]}"
129,War / conflict (Ukraine / geopolitics),War in Ukraine - Financial Times,https://www.ft.com/war-in-ukraine,Jen & Berry's Ice Cream,1002,Paid Social,2390,74,review,high,war_or_conflict,"The ad placement is on a page about the war in Ukraine, which falls under the war_or_conflict category. This is a sensitive topic that, while not explicitly unsafe, requires review according to the advertiser's policy to ensure brand safety due to potential graphic content or emotional sensitivity. There is no indication of direct violation of hard unsafe categories such as tobacco, extremism, or adult content.",,"{""confidence"": ""high"", ""decision"": ""review"", ""missing_evidence"": [], ""rationale"": ""The ad placement is on a page about the war in Ukraine, which falls under the war_or_conflict category. This is a sensitive topic that, while not explicitly unsafe, requires review according to the advertiser's policy to ensure brand safety due to potential graphic content or emotional sensitivity. There is no indication of direct violation of hard unsafe categories such as tobacco, extremism, or adult content."", ""risk_categories"": [""war_or_conflict""]}"
130,War / conflict (Ukraine / geopolitics),"War in Ukraine: Trending News, Latest Updates, Analysis (Bloomberg)",https://www.bloomberg.com/latest/russia-ukraine-war,Plush Cosmetics,1004,Paid Social,2770,174,review,high,war_or_conflict,"The placement is related to war or conflict topic, which falls under the review categories for this advertiser. Given the advertiser's sensitivity to controversial or harmful wellbeing content and the war-related content, a review is appropriate to ensure brand safety. There is no evidence of hard unsafe categories such as extremism or hate. The evidence is sufficient to categorize this as review rather than safe or unsafe.",,"{""confidence"": ""high"", ""decision"": ""review"", ""missing_evidence"": [], ""rationale"": ""The placement is related to war or conflict topic, which falls under the review categories for this advertiser. Given the advertiser's sensitivity to controversial or harmful wellbeing content and the war-related content, a review is appropriate to ensure brand safety. There is no evidence of hard unsafe categories such as extremism or hate. The evidence is sufficient to categorize this as review rather than safe or unsafe."", ""risk_categories"": [""war_or_conflict""]}"
131,Weapons / gun policy,"The Science of Gun Policy, Fifth Edition - RAND Corporation",https://www.rand.org/pubs/research_reports/RRA4360-2.html,Moonbucks Coffee,1003,Paid Social,7384,261,unsafe,high,weapons,"The placement topic is 'Weapons / gun policy', which falls under the 'weapons' category, a hard unsafe category for the advertiser Moonbucks Coffee. Since weapons content is strictly blocked, this placement is unsafe.",,"{""confidence"": ""high"", ""decision"": ""unsafe"", ""missing_evidence"": [], ""rationale"": ""The placement topic is 'Weapons / gun policy', which falls under the 'weapons' category, a hard unsafe category for the advertiser Moonbucks Coffee. Since weapons content is strictly blocked, this placement is unsafe."", ""risk_categories"": [""weapons""]}"
132,Weapons / gun policy,"Gun Control | Pros, Cons, Debate, Arguments, Firearms, Laws, Safety ... (Britannica)",https://www.britannica.com/procon/gun-control-debate,Jet3 Holidays,1001,Search,1945,74,unsafe,high,weapons,"The placement URL and title clearly indicate content related to gun control, firearms, and weapons policy, which aligns with the 'weapons' hard unsafe category for this advertiser. Given the advertiser's policy sensitivity to weapons-related content, this placement is unsafe.",,"{""confidence"": ""high"", ""decision"": ""unsafe"", ""missing_evidence"": [], ""rationale"": ""The placement URL and title clearly indicate content related to gun control, firearms, and weapons policy, which aligns with the 'weapons' hard unsafe category for this advertiser. Given the advertiser's policy sensitivity to weapons-related content, this placement is unsafe."", ""risk_categories"": [""weapons""]}"
133,Weapons / gun policy,National Survey of Gun Policy | Center for Gun Violence Solutions,https://publichealth.jhu.edu/center-for-gun-violence-solutions/data/national-survey-of-gun-policy,Jet3 Holidays,1001,Search,4836,200,unsafe,high,weapons,"The advertised placement directly relates to weapons and gun policy, which is listed as a hard unsafe category for this advertiser. Given Jet3 Holidays' sensitivity to hard unsafe categories and the explicit topic of the placement, it is unsafe for ad placement.",,"{""confidence"": ""high"", ""decision"": ""unsafe"", ""missing_evidence"": [], ""rationale"": ""The advertised placement directly relates to weapons and gun policy, which is listed as a hard unsafe category for this advertiser. Given Jet3 Holidays' sensitivity to hard unsafe categories and the explicit topic of the placement, it is unsafe for ad placement."", ""risk_categories"": [""weapons""]}"
134,Weapons / gun policy,Policy Evaluation - Harvard T.H. Chan School of Public Health (firearms research),https://hsph.harvard.edu/research/injury-control/firearms-research/policy-evaluation/,Jet3 Holidays,1001,Display,8951,352,unsafe,high,weapons,"The placement is on a page about firearms research and gun policy, clearly matching the 'weapons' hard unsafe category for this advertiser. Since 'weapons' is a hard unsafe category and the content directly relates to this, it is unsafe for Jet3 Holidays.",,"{""confidence"": ""high"", ""decision"": ""unsafe"", ""missing_evidence"": [], ""rationale"": ""The placement is on a page about firearms research and gun policy, clearly matching the 'weapons' hard unsafe category for this advertiser. Since 'weapons' is a hard unsafe category and the content directly relates to this, it is unsafe for Jet3 Holidays."", ""risk_categories"": [""weapons""]}"
135,Weapons / gun policy,Gun Violence and Gun Policy in the United States: Understanding ... (SAGE),https://journals.sagepub.com/doi/pdf/10.1177/00027162231174162?download=true,Plush Cosmetics,1004,PMax,2184,179,unsafe,high,weapons,"The placement is an article about gun violence and gun policy, which falls directly into the weapons category, identified as a hard unsafe category according to the advertiser's policy. Therefore, this placement is unsafe for Plush Cosmetics.",,"{""confidence"": ""high"", ""decision"": ""unsafe"", ""missing_evidence"": [], ""rationale"": ""The placement is an article about gun violence and gun policy, which falls directly into the weapons category, identified as a hard unsafe category according to the advertiser's policy. Therefore, this placement is unsafe for Plush Cosmetics."", ""risk_categories"": [""weapons""]}"
136,Video games,The Best Games Of 2026 (So Far) - GameSpot,https://www.gamespot.com/gallery/the-best-games-of-2026/2900-7436/,Jen & Berry's Ice Cream,1002,Shopping,7760,402,safe,high,,"The placement is on a video games shopping channel with a neutral and family-friendly topic (best games of 2026). There is no evidence of presence of any hard unsafe or review categories such as adult content, extremism, tobacco, or divisive political content. The advertiser's policy concerns do not conflict with the evidence presented.",page body content,"{""confidence"": ""high"", ""decision"": ""safe"", ""missing_evidence"": [""page body content""], ""rationale"": ""The placement is on a video games shopping channel with a neutral and family-friendly topic (best games of 2026). There is no evidence of presence of any hard unsafe or review categories such as adult content, extremism, tobacco, or divisive political content. The advertiser's policy concerns do not conflict with the evidence presented."", ""risk_categories"": []}"
137,Video games,Big in 2026: The ultimate guide to the video games that will shape 2026 and beyond - GamesRadar+,https://www.gamesradar.com/games/big-in-2026-the-ultimate-guide-to-the-video-games-that-will-shape-2026-and-beyond/,Moonbucks Coffee,1003,PMax,7693,307,safe,high,,"The placement is about video games, which is a neutral, general-interest topic with no indication of blocked high-risk content categories like explicit sexual content, extremism, hate, propaganda, or weapons. This fits well within the advertiser's typical acceptable content boundaries.",,"{""confidence"": ""high"", ""decision"": ""safe"", ""missing_evidence"": [], ""rationale"": ""The placement is about video games, which is a neutral, general-interest topic with no indication of blocked high-risk content categories like explicit sexual content, extremism, hate, propaganda, or weapons. This fits well within the advertiser's typical acceptable content boundaries."", ""risk_categories"": []}"
138,Video games,Our 14 most anticipated games of 2026 - TechRadar,https://www.techradar.com/gaming/most-anticipated-games-of-2026,Jet3 Holidays,1001,Search,7717,312,safe,high,,"The placement is on a video game anticipation article, which is unrelated to travel or sensitive travel-adjacent issues. There is no evidence of aviation incidents, transport disruption, war, terrorism, or other unsafe categories according to the advertiser's policy. The content is stable and suitable for the travel advertiser's needs.",,"{""confidence"": ""high"", ""decision"": ""safe"", ""missing_evidence"": [], ""rationale"": ""The placement is on a video game anticipation article, which is unrelated to travel or sensitive travel-adjacent issues. There is no evidence of aviation incidents, transport disruption, war, terrorism, or other unsafe categories according to the advertiser's policy. The content is stable and suitable for the travel advertiser's needs."", ""risk_categories"": []}"
139,Video games,The A.V. Club's most anticipated games of 2026,https://www.avclub.com/2026-video-games-preview,Plush Cosmetics,1004,Display,8519,773,safe,high,,"The placement is on a page titled 'The A.V. Club's most anticipated games of 2026' with a topic of video games. There is no indication of any unsafe content categories such as explicit sexual content, extremism, hate, tobacco, or violence. The content does not overlap with the advertiser's hard unsafe categories or review categories.",,"{""confidence"": ""high"", ""decision"": ""safe"", ""missing_evidence"": [], ""rationale"": ""The placement is on a page titled 'The A.V. Club's most anticipated games of 2026' with a topic of video games. There is no indication of any unsafe content categories such as explicit sexual content, extremism, hate, tobacco, or violence. The content does not overlap with the advertiser's hard unsafe categories or review categories."", ""risk_categories"": []}"
140,Video games,Video Games 2026: Key Trends Shaping the Future of Play,https://blog.mavigadget.com/video-games-2026-key-trends-shaping-the-future-of-play/,Plush Cosmetics,1004,Shopping,4275,182,safe,high,,"The placement is about video games, which does not fall under any of the advertiser's hard unsafe or review categories. There is no indication of content related to harmful wellbeing, controversial political, extremist, tobacco, sexual, or violent content.",,"{""confidence"": ""high"", ""decision"": ""safe"", ""missing_evidence"": [], ""rationale"": ""The placement is about video games, which does not fall under any of the advertiser's hard unsafe or review categories. There is no indication of content related to harmful wellbeing, controversial political, extremist, tobacco, sexual, or violent content."", ""risk_categories"": []}"
141,Climate & environment,5 Things to Watch in Climate and Environment in 2026 (UNU),https://unu.edu/ehs/article/5-things-watch-climate-and-environment-2026,Plush Cosmetics,1004,PMax,8869,763,safe,high,,"The placement is on a page about climate and environment without any indication of harmful wellbeing, controversial political, extremist, tobacco, sexual, or violent content. None of the hard unsafe or review categories are triggered by the given evidence.",,"{""confidence"": ""high"", ""decision"": ""safe"", ""missing_evidence"": [], ""rationale"": ""The placement is on a page about climate and environment without any indication of harmful wellbeing, controversial political, extremist, tobacco, sexual, or violent content. None of the hard unsafe or review categories are triggered by the given evidence."", ""risk_categories"": []}"
142,Climate & environment,3 Climate Stories That Will Shape the World in 2026 (WRI),https://www.wri.org/insights/stories-to-watch-climate-economy-2026,Jen & Berry's Ice Cream,1002,Paid Social,4093,273,safe,high,,"The placement is on a page about climate and environmental stories, which does not contain any content categories flagged as hard unsafe or review for the advertiser. There is no evidence of tobacco, adult themes, extremism, weapons, or divisive political content. Given the family-friendly nature of the brand, this placement aligns well with safe content categories.",,"{""confidence"": ""high"", ""decision"": ""safe"", ""missing_evidence"": [], ""rationale"": ""The placement is on a page about climate and environmental stories, which does not contain any content categories flagged as hard unsafe or review for the advertiser. There is no evidence of tobacco, adult themes, extremism, weapons, or divisive political content. Given the family-friendly nature of the brand, this placement aligns well with safe content categories."", ""risk_categories"": []}"
143,Climate & environment,2026 Global Risks Report: Environmental risks remain urgent (WEF),https://www.weforum.org/stories/2026/02/2026-global-risks-report-environmental-risks-remain-urgent/,Moonbucks Coffee,1003,Shopping,1201,64,safe,high,,"The placement is a news article about environmental risks from the World Economic Forum, which aligns with neutral general-interest content. There is no evidence of any hard unsafe or review categories present in the content or context. The channel type is shopping, but this does not introduce risk. Therefore, the placement is safe for Moonbucks Coffee.",,"{""confidence"": ""high"", ""decision"": ""safe"", ""missing_evidence"": [], ""rationale"": ""The placement is a news article about environmental risks from the World Economic Forum, which aligns with neutral general-interest content. There is no evidence of any hard unsafe or review categories present in the content or context. The channel type is shopping, but this does not introduce risk. Therefore, the placement is safe for Moonbucks Coffee."", ""risk_categories"": []}"
144,Climate & environment,Sustainability and Climate in Focus: Trends to Watch for 2026 (MSCI),https://www.msci.com/research-and-insights/blog-post/sustainability-and-climate-in-focus-trends-to-watch-for-2026,Moonbucks Coffee,1003,Display,4213,115,safe,high,,"The placement is on a webpage about sustainability and climate, which does not fall under any hard unsafe or review categories specified in the advertiser policy. The content is neutral to positive and appropriate for a broad-reach coffee brand like Moonbucks Coffee.",,"{""confidence"": ""high"", ""decision"": ""safe"", ""missing_evidence"": [], ""rationale"": ""The placement is on a webpage about sustainability and climate, which does not fall under any hard unsafe or review categories specified in the advertiser policy. The content is neutral to positive and appropriate for a broad-reach coffee brand like Moonbucks Coffee."", ""risk_categories"": []}"
145,Climate & environment,Australia just experienced its wettest summer in nearly a decade - and the eighth-hottest on record,https://www.theguardian.com/environment/2026/mar/03/australia-summer-extreme-weather-wettest-hottest-records,Plush Cosmetics,1004,Shopping,1451,50,safe,high,,"The placement is an article from a reputable news source about climate and environmental conditions in Australia, which does not relate to any hard unsafe or review categories relevant to Plush Cosmetics' policy. There is no indication of harmful wellbeing content, controversial political or extremist content, tobacco, sexual, or violent content.",,"{""confidence"": ""high"", ""decision"": ""safe"", ""missing_evidence"": [], ""rationale"": ""The placement is an article from a reputable news source about climate and environmental conditions in Australia, which does not relate to any hard unsafe or review categories relevant to Plush Cosmetics' policy. There is no indication of harmful wellbeing content, controversial political or extremist content, tobacco, sexual, or violent content."", ""risk_categories"": []}"
146,Space / Mars,"Space Science in 2026: New lunar explorers, Mars missions, and space telescopes (NASASpaceFlight)",https://www.nasaspaceflight.com/2026/01/space-science-2026-preview/,Moonbucks Coffee,1003,PMax,4333,309,safe,high,,"The placement is on a reputable space science article focused on upcoming lunar explorers and Mars missions. The content is neutral and informational, unrelated to any hard unsafe or review categories specified in the advertiser's policy. There is no evidence of high-risk content present.",,"{""confidence"": ""high"", ""decision"": ""safe"", ""missing_evidence"": [], ""rationale"": ""The placement is on a reputable space science article focused on upcoming lunar explorers and Mars missions. The content is neutral and informational, unrelated to any hard unsafe or review categories specified in the advertiser's policy. There is no evidence of high-risk content present."", ""risk_categories"": []}"
147,Space / Mars,Mars: News & Features - NASA Science,https://science.nasa.gov/mars/stories/,Jen & Berry's Ice Cream,1002,Paid Social,4387,164,safe,high,,"The placement URL and title indicate content about Mars and space science from NASA, which is unrelated to any hard unsafe categories (explicit sexual content, extremism, hate, tobacco, weapons) or review categories relevant to the advertiser's sensitivities. There is no evidence of content related to adult themes, tobacco/nicotine, extremism, weapons, or divisive political content. The channel type (Paid Social) and click data do not influence content safety assessment. Therefore, this placement is considered safe for Jen & Berry's Ice Cream.",,"{""confidence"": ""high"", ""decision"": ""safe"", ""missing_evidence"": [], ""rationale"": ""The placement URL and title indicate content about Mars and space science from NASA, which is unrelated to any hard unsafe categories (explicit sexual content, extremism, hate, tobacco, weapons) or review categories relevant to the advertiser's sensitivities. There is no evidence of content related to adult themes, tobacco/nicotine, extremism, weapons, or divisive political content. The channel type (Paid Social) and click data do not influence content safety assessment. Therefore, this placement is considered safe for Jen & Berry's Ice Cream."", ""risk_categories"": []}"
148,Space / Mars,Curiosity rover finds clues to Mars' watery past in rocky 'spiderwebs' (Space.com),https://www.space.com/space-exploration/mars-rovers/curiosity-rover-finds-clues-to-mars-watery-past-in-rocky-spiderwebs,Plush Cosmetics,1004,Paid Social,4412,123,safe,high,,"The placement content is about space exploration and Mars, which is unrelated to any of the advertiser's hard unsafe or review categories such as harmful wellbeing, controversial political, extremist, tobacco, sexual, or violent content. There is no evidence of any restricted content.",,"{""confidence"": ""high"", ""decision"": ""safe"", ""missing_evidence"": [], ""rationale"": ""The placement content is about space exploration and Mars, which is unrelated to any of the advertiser's hard unsafe or review categories such as harmful wellbeing, controversial political, extremist, tobacco, sexual, or violent content. There is no evidence of any restricted content."", ""risk_categories"": []}"
149,Space / Mars,A non-public document reveals that science may not be prioritized on next Mars mission (Ars Technica),https://arstechnica.com/space/2026/02/a-non-public-document-reveals-that-science-may-not-be-prioritized-on-next-mars-mission/,Plush Cosmetics,1004,Display,9233,286,safe,high,,"The content is related to a Mars mission and science, which is unrelated to any of Plush Cosmetics' sensitive or hard unsafe categories such as explicit sexual content, extremism, tobacco, or violent content. There is no evidence of controversial or sensitive themes based on the provided title, URL, and topic.",,"{""confidence"": ""high"", ""decision"": ""safe"", ""missing_evidence"": [], ""rationale"": ""The content is related to a Mars mission and science, which is unrelated to any of Plush Cosmetics' sensitive or hard unsafe categories such as explicit sexual content, extremism, tobacco, or violent content. There is no evidence of controversial or sensitive themes based on the provided title, URL, and topic."", ""risk_categories"": []}"
150,Space / Mars,"2026 Space Outlook: New Missions Look to the Moon, Mars, and Beyond (The Debrief)",https://thedebrief.org/2026-space-outlook-new-missions-look-to-the-moon-mars-and-beyond-as-humanity-seeks-permanent-space-habitation/,Jen & Berry's Ice Cream,1002,Shopping,6995,229,safe,high,,"The placement is on a page about space exploration with no indications of any unsafe or sensitive content related to the advertiser's hard unsafe categories or review categories. The topic and title are family-appropriate and unrelated to tobacco, adult themes, extremism, weapons, or divisive political content. No evidence suggests any policy concerns.",,"{""confidence"": ""high"", ""decision"": ""safe"", ""missing_evidence"": [], ""rationale"": ""The placement is on a page about space exploration with no indications of any unsafe or sensitive content related to the advertiser's hard unsafe categories or review categories. The topic and title are family-appropriate and unrelated to tobacco, adult themes, extremism, weapons, or divisive political content. No evidence suggests any policy concerns."", ""risk_categories"": []}"
151,Mental health & wellbeing,Nine mental-health tips for a happier 2026 | UCLA Health,https://www.uclahealth.org/news/article/nine-mental-health-tips-happier-2026,Moonbucks Coffee,1003,Paid Social,1236,41,review,high,mental_health,"The placement is on a page about mental health, which is a review-category according to advertiser policy. While the content appears neutral and relevant for broad reach, the topic requires review to ensure suitability given the sensitivity around mental health content.",,"{""confidence"": ""high"", ""decision"": ""review"", ""missing_evidence"": [], ""rationale"": ""The placement is on a page about mental health, which is a review-category according to advertiser policy. While the content appears neutral and relevant for broad reach, the topic requires review to ensure suitability given the sensitivity around mental health content."", ""risk_categories"": [""mental_health""]}"
152,Mental health & wellbeing,Blog | Mental Health Foundation (blogs index),https://www.mentalhealth.org.uk/explore-mental-health/blogs,Moonbucks Coffee,1003,PMax,8941,16,review,high,mental_health,"The placement URL is a blog index on mental health and wellbeing, which falls under the review category for this advertiser. As Moonbucks Coffee tolerates neutral news and general interest content but mental health is specifically flagged as a review category, it is appropriate to place this in review for further consideration.",,"{""confidence"": ""high"", ""decision"": ""review"", ""missing_evidence"": [], ""rationale"": ""The placement URL is a blog index on mental health and wellbeing, which falls under the review category for this advertiser. As Moonbucks Coffee tolerates neutral news and general interest content but mental health is specifically flagged as a review category, it is appropriate to place this in review for further consideration."", ""risk_categories"": [""mental_health""]}"
153,Mental health & wellbeing,Mental Health UK’s new strategy for 2026-2031 (blog),https://mentalhealth-uk.org/blog/mental-health-uks-new-strategy-for-2026-2031-our-plan-for-a-mentally-healthier-and-thriving-uk/,Moonbucks Coffee,1003,PMax,7764,323,review,high,mental_health,"The placement is on a mental health related blog, which falls under the review category for this advertiser. Although the content appears neutral and relevant to wellbeing, mental health topics can be sensitive and require review according to the advertiser's policy.",,"{""confidence"": ""high"", ""decision"": ""review"", ""missing_evidence"": [], ""rationale"": ""The placement is on a mental health related blog, which falls under the review category for this advertiser. Although the content appears neutral and relevant to wellbeing, mental health topics can be sensitive and require review according to the advertiser's policy."", ""risk_categories"": [""mental_health""]}"
154,Mental health & wellbeing,6 Mental Health Resolutions Worth Setting for 2026,https://www.parinc.com/learning-center/par-blog/detail/blog/2025/12/19/six-mental-health-resolutions-worth-setting-for-2026,Plush Cosmetics,1004,Search,8927,312,review,high,mental_health,"The placement content is about mental health and wellbeing, which is listed as a review category for this advertiser. While the topic is relevant and not explicitly unsafe, mental health content may require review to ensure that the context aligns with the advertiser's sensitivity to harmful wellbeing content.",,"{""confidence"": ""high"", ""decision"": ""review"", ""missing_evidence"": [], ""rationale"": ""The placement content is about mental health and wellbeing, which is listed as a review category for this advertiser. While the topic is relevant and not explicitly unsafe, mental health content may require review to ensure that the context aligns with the advertiser's sensitivity to harmful wellbeing content."", ""risk_categories"": [""mental_health""]}"
155,Mental health & wellbeing,5 Ways TikTok's 'Floor Time' May Support Mental Health and Wellbeing,https://www.verywellmind.com/floor-time-11917599,Moonbucks Coffee,1003,Search,8115,256,review,high,mental_health,"The placement is related to mental health and wellbeing, which is listed as a review category in the advertiser's policy. While the content does not appear explicitly unsafe or high-risk, it is sensitive and requires review to ensure appropriateness for the Moonbucks Coffee brand.",,"{""confidence"": ""high"", ""decision"": ""review"", ""missing_evidence"": [], ""rationale"": ""The placement is related to mental health and wellbeing, which is listed as a review category in the advertiser's policy. While the content does not appear explicitly unsafe or high-risk, it is sensitive and requires review to ensure appropriateness for the Moonbucks Coffee brand."", ""risk_categories"": [""mental_health""]}"
156,Gardening,Gardening for Beginners - BBC Gardeners World Magazine,https://www.gardenersworld.com/garden-advice/beginner-gardening/,Moonbucks Coffee,1003,Paid Social,2362,186,safe,high,,"The placement is on a Gardening beginners guide page, which is general interest content unrelated to any of the hard unsafe or review categories specified. There is no evidence of any visible risk category content in the page metadata or title.",,"{""confidence"": ""high"", ""decision"": ""safe"", ""missing_evidence"": [], ""rationale"": ""The placement is on a Gardening beginners guide page, which is general interest content unrelated to any of the hard unsafe or review categories specified. There is no evidence of any visible risk category content in the page metadata or title."", ""risk_categories"": []}"
157,Gardening,Beginner's Guide to Gardening: 9 Key Tips for Your First Garden,https://gardenersnewmalden.org.uk/blog/beginners-guide-to-gardening-9-key-tips-for-your-first-garden/,Moonbucks Coffee,1003,Display,6544,640,safe,high,,"The placement is related to gardening, which is a neutral, general-interest topic aligned with the advertiser's broad-reach and tolerance for neutral content. There is no evidence of hard unsafe or review-level categories present in the placement evidence.",,"{""confidence"": ""high"", ""decision"": ""safe"", ""missing_evidence"": [], ""rationale"": ""The placement is related to gardening, which is a neutral, general-interest topic aligned with the advertiser's broad-reach and tolerance for neutral content. There is no evidence of hard unsafe or review-level categories present in the placement evidence."", ""risk_categories"": []}"
158,Gardening,30 Gardening Tips Every Beginner Needs to Succeed from the Start,https://www.gardenerbasics.com/blog/gardening-tips-for-beginners,Plush Cosmetics,1004,Search,8882,383,safe,high,,"The placement is on a gardening tips blog, which is unrelated to any of the advertiser's hard unsafe or review categories. There is no indication of sensitive or harmful content that conflicts with Plush Cosmetics' policies.",,"{""confidence"": ""high"", ""decision"": ""safe"", ""missing_evidence"": [], ""rationale"": ""The placement is on a gardening tips blog, which is unrelated to any of the advertiser's hard unsafe or review categories. There is no indication of sensitive or harmful content that conflicts with Plush Cosmetics' policies."", ""risk_categories"": []}"
159,Gardening,Essential Gardening Guide: 9 Tips for Newcomers,https://gardenersshepherdsbush.org.uk/blog/essential-gardening-guide-9-tips-for-newcomers/,Moonbucks Coffee,1003,Shopping,2939,241,safe,high,,"The placement is on a gardening guide page, which is a neutral and general-interest topic not associated with any advertiser blocked or review categories. The channel type is shopping, which is appropriate and safe for broad-reach coffee brand advertising. There is no evidence of unsafe or review risk content.",,"{""confidence"": ""high"", ""decision"": ""safe"", ""missing_evidence"": [], ""rationale"": ""The placement is on a gardening guide page, which is a neutral and general-interest topic not associated with any advertiser blocked or review categories. The channel type is shopping, which is appropriate and safe for broad-reach coffee brand advertising. There is no evidence of unsafe or review risk content."", ""risk_categories"": []}"
160,Gardening,Prepare to Plant: 9 Essential Gardening Tips for Newbies,https://gardenerswembley.org.uk/blog/prepare-to-plant-9-essential-gardening-tips-for-newbies/,Jen & Berry's Ice Cream,1002,PMax,5398,352,safe,high,,"The placement is on a gardening blog page with a title and topic clearly related to gardening, which is family-friendly and unrelated to the advertiser's sensitive categories such as tobacco, adult themes, extremism, or divisive political content. There is no indication of any unsafe or review category content.",,"{""confidence"": ""high"", ""decision"": ""safe"", ""missing_evidence"": [], ""rationale"": ""The placement is on a gardening blog page with a title and topic clearly related to gardening, which is family-friendly and unrelated to the advertiser's sensitive categories such as tobacco, adult themes, extremism, or divisive political content. There is no indication of any unsafe or review category content."", ""risk_categories"": []}"
161,Art & art history,Beatriz González at the Barbican: brilliantly coded art that evaded the secret police,https://www.ft.com/content/b85bb03a-28ed-4f9e-b458-0b80c63d9d93,Jet3 Holidays,1001,Shopping,4396,0,safe,high,,"The ad placement is on a page about art and art history, which does not relate to any of the advertiser's hard unsafe categories or review categories. The channel type is shopping, and there are no invalid clicks, indicating legitimate engagement. There is no evidence of aviation incidents, war, terrorism, or any sensitive content around travel disruptions or related disasters.",,"{""confidence"": ""high"", ""decision"": ""safe"", ""missing_evidence"": [], ""rationale"": ""The ad placement is on a page about art and art history, which does not relate to any of the advertiser's hard unsafe categories or review categories. The channel type is shopping, and there are no invalid clicks, indicating legitimate engagement. There is no evidence of aviation incidents, war, terrorism, or any sensitive content around travel disruptions or related disasters."", ""risk_categories"": []}"
162,Art & art history,Articles - National Gallery of Art,https://www.nga.gov/stories/articles,Plush Cosmetics,1004,Shopping,3966,310,safe,high,,"The placement is on a reputable art and art history articles channel, which is unlikely to conflict with the advertiser's policies related to harmful wellbeing, controversial political, extremist, tobacco, sexual, and violent content. The category is shopping but content aligns with cultural education rather than sensitive topics.",,"{""confidence"": ""high"", ""decision"": ""safe"", ""missing_evidence"": [], ""rationale"": ""The placement is on a reputable art and art history articles channel, which is unlikely to conflict with the advertiser's policies related to harmful wellbeing, controversial political, extremist, tobacco, sexual, and violent content. The category is shopping but content aligns with cultural education rather than sensitive topics."", ""risk_categories"": []}"
163,Art & art history,Articles tagged as Art History | Smithsonian Magazine,https://www.smithsonianmag.com/tag/art-history/,Jet3 Holidays,1001,Display,2183,103,safe,high,,"The placement is on a page focused on Art History from Smithsonian Magazine, which is unrelated to the advertiser's extra-sensitive categories such as aviation incidents, transport disruptions, war, terrorism, or other unsafe categories. There is no evidence of any hard unsafe or review category content on the page. The invalid click rate does not indicate unsafe content risk.",,"{""confidence"": ""high"", ""decision"": ""safe"", ""missing_evidence"": [], ""rationale"": ""The placement is on a page focused on Art History from Smithsonian Magazine, which is unrelated to the advertiser's extra-sensitive categories such as aviation incidents, transport disruptions, war, terrorism, or other unsafe categories. There is no evidence of any hard unsafe or review category content on the page. The invalid click rate does not indicate unsafe content risk."", ""risk_categories"": []}"
164,Art & art history,JSTOR Daily’s Archives of Art History,https://daily.jstor.org/jstor-dailys-archives-of-art-history/,Moonbucks Coffee,1003,PMax,6263,587,safe,high,,"The placement is on a page about art and art history, which is neutral general-interest content and does not fall into any unsafe or review categories specified by the advertiser's policy. No evidence of any hard unsafe or review risk categories is present.",,"{""confidence"": ""high"", ""decision"": ""safe"", ""missing_evidence"": [], ""rationale"": ""The placement is on a page about art and art history, which is neutral general-interest content and does not fall into any unsafe or review categories specified by the advertiser's policy. No evidence of any hard unsafe or review risk categories is present."", ""risk_categories"": []}"
165,Art & art history,Art History - Articles - Making History,https://archives.history.ac.uk/makinghistory/resources/articles/art_history.html,Jet3 Holidays,1001,PMax,9630,847,safe,high,,"The placement is on a page about Art History with no indication of content related to aviation incidents, transport disruption, war, terrorism, or other travel-adjacent disasters. There are no hard unsafe categories triggered given the content is focused on art and history. The invalid click rate does not indicate any safety concerns related to content appropriateness. Therefore, this placement is considered safe for the travel advertiser Jet3 Holidays.",,"{""confidence"": ""high"", ""decision"": ""safe"", ""missing_evidence"": [], ""rationale"": ""The placement is on a page about Art History with no indication of content related to aviation incidents, transport disruption, war, terrorism, or other travel-adjacent disasters. There are no hard unsafe categories triggered given the content is focused on art and history. The invalid click rate does not indicate any safety concerns related to content appropriateness. Therefore, this placement is considered safe for the travel advertiser Jet3 Holidays."", ""risk_categories"": []}"
166,Education policy,The UK's International Education Strategy 2026 (GOV.UK),https://www.gov.uk/government/publications/the-uks-international-education-strategy-2026,Moonbucks Coffee,1003,Shopping,6028,230,safe,high,,"The placement is on a government page focused on education policy, which is outside all hard unsafe and review categories defined for the advertiser. It does not contain any restricted or sensitive content making it appropriate for the advertiser's broad-reach coffee brand.",,"{""confidence"": ""high"", ""decision"": ""safe"", ""missing_evidence"": [], ""rationale"": ""The placement is on a government page focused on education policy, which is outside all hard unsafe and review categories defined for the advertiser. It does not contain any restricted or sensitive content making it appropriate for the advertiser's broad-reach coffee brand."", ""risk_categories"": []}"
167,Education policy,Annual report on education spending in England: 2025–26 (IFS),https://ifs.org.uk/publications/annual-report-education-spending-england-2025-26,Moonbucks Coffee,1003,Paid Social,1534,76,safe,high,,"The placement is an annual report on education spending, categorized under education policy, which is neutral and aligns with broad-reach content tolerable to the advertiser. None of the advertiser's hard unsafe or review risk categories are indicated in the evidence provided, making this placement safe.",,"{""confidence"": ""high"", ""decision"": ""safe"", ""missing_evidence"": [], ""rationale"": ""The placement is an annual report on education spending, categorized under education policy, which is neutral and aligns with broad-reach content tolerable to the advertiser. None of the advertiser's hard unsafe or review risk categories are indicated in the evidence provided, making this placement safe."", ""risk_categories"": []}"
168,Education policy,Why 2026 will be a pivotal year for the school workforce | Tes,https://www.tes.com/magazine/analysis/general/2026-pivotal-year-school-workforce,Plush Cosmetics,1004,Search,1946,166,safe,high,,"The placement URL and title indicate content related to education policy and school workforce, which is unrelated to any of the advertiser's restricted categories such as harmful wellbeing content, controversial political topics, extremism, tobacco, sexual or violent content. There is sufficient evidence to judge this placement as safe for Plush Cosmetics.",,"{""confidence"": ""high"", ""decision"": ""safe"", ""missing_evidence"": [], ""rationale"": ""The placement URL and title indicate content related to education policy and school workforce, which is unrelated to any of the advertiser's restricted categories such as harmful wellbeing content, controversial political topics, extremism, tobacco, sexual or violent content. There is sufficient evidence to judge this placement as safe for Plush Cosmetics."", ""risk_categories"": []}"
169,Education policy,A year of possibility: turning education system challenges into opportunities in 2026 (Cambridge),https://www.cambridge.org/partnership/news-and-events/news/a-year-of-possibility-turning-education-system-challenges-into-opportunities-in-2026,Jen & Berry's Ice Cream,1002,Shopping,3347,115,safe,high,,"The placement URL and title indicate content about education policy, which is not sensitive or related to the advertiser's hard unsafe or review categories. The channel type is shopping, which is acceptable for the family-friendly food brand. There is no indication of tobacco, adult themes, extremism, or other disallowed content in the evidence provided.",,"{""confidence"": ""high"", ""decision"": ""safe"", ""missing_evidence"": [], ""rationale"": ""The placement URL and title indicate content about education policy, which is not sensitive or related to the advertiser's hard unsafe or review categories. The channel type is shopping, which is acceptable for the family-friendly food brand. There is no indication of tobacco, adult themes, extremism, or other disallowed content in the evidence provided."", ""risk_categories"": []}"
170,Education policy,Send plan for England gets cautious welcome amid workload concerns,https://www.theguardian.com/education/2026/feb/24/send-plan-for-england-gets-cautious-welcome-amid-workload-concerns,Plush Cosmetics,1004,Search,3383,184,safe,high,,"The placement is on an educational policy article which does not intersect with any of the advertiser's hard unsafe categories such as extremist, sexual, tobacco, or violent content. There is no evidence of controversial or sensitive content related to politics or mental health that would trigger the review categories. The placement appears contextually safe for a beauty and cosmetics advertiser.",,"{""confidence"": ""high"", ""decision"": ""safe"", ""missing_evidence"": [], ""rationale"": ""The placement is on an educational policy article which does not intersect with any of the advertiser's hard unsafe categories such as extremist, sexual, tobacco, or violent content. There is no evidence of controversial or sensitive content related to politics or mental health that would trigger the review categories. The placement appears contextually safe for a beauty and cosmetics advertiser."", ""risk_categories"": []}"
171,Cybersecurity / ransomware,Cyber Security Report 2026 - Check Point Research,https://research.checkpoint.com/2026/cyber-security-report-2026/,Jen & Berry's Ice Cream,1002,Paid Social,8451,417,safe,high,,"The placement is on a cybersecurity report page focused on ransomware, which does not relate to any hard unsafe or review risk categories defined for the advertiser. The content is appropriate for a family-friendly food brand with no indication of sensitive or adult content.",,"{""confidence"": ""high"", ""decision"": ""safe"", ""missing_evidence"": [], ""rationale"": ""The placement is on a cybersecurity report page focused on ransomware, which does not relate to any hard unsafe or review risk categories defined for the advertiser. The content is appropriate for a family-friendly food brand with no indication of sensitive or adult content."", ""risk_categories"": []}"
172,Cybersecurity / ransomware,REPORT Cyberthreat Predictions for 2026 - Fortinet (PDF),https://www.fortinet.com/content/dam/fortinet/assets/threat-reports/report-threat-predictions-2026.pdf,Moonbucks Coffee,1003,Display,2583,57,safe,high,,"The placement content is focused on cybersecurity and ransomware predictions, which is a neutral, business-technology topic without any connection to hard unsafe or review categories specified by the advertiser. There is no evidence of any disallowed content types such as explicit sexual content, extremism, or politics in the provided metadata. Therefore, it is safe for the broad-reach coffee brand's advertising policy.",,"{""confidence"": ""high"", ""decision"": ""safe"", ""missing_evidence"": [], ""rationale"": ""The placement content is focused on cybersecurity and ransomware predictions, which is a neutral, business-technology topic without any connection to hard unsafe or review categories specified by the advertiser. There is no evidence of any disallowed content types such as explicit sexual content, extremism, or politics in the provided metadata. Therefore, it is safe for the broad-reach coffee brand's advertising policy."", ""risk_categories"": []}"
173,Cybersecurity / ransomware,2026 Ransomwareand Cyber Threat Report (GuidePoint) (PDF),https://www.guidepointsecurity.com/wp-content/uploads/2026/01/GRIT-2026-Ransomware-and-Cyber-Threat-Report.pdf,Moonbucks Coffee,1003,Shopping,4122,255,safe,high,,"The placement content is a cybersecurity and ransomware report, which does not intersect with any hard unsafe or review categories defined by Moonbucks Coffee's policy. The channel type is shopping, which is a neutral environment. There is no evidence of high-risk content or sensitive topics that would warrant review or unsafe classification.",,"{""confidence"": ""high"", ""decision"": ""safe"", ""missing_evidence"": [], ""rationale"": ""The placement content is a cybersecurity and ransomware report, which does not intersect with any hard unsafe or review categories defined by Moonbucks Coffee's policy. The channel type is shopping, which is a neutral environment. There is no evidence of high-risk content or sensitive topics that would warrant review or unsafe classification."", ""risk_categories"": []}"
174,Cybersecurity / ransomware,2026 Ransomware Reality Report: 5 Critical Defense Shifts,https://cyberstrategyinstitute.com/2026-ransomware-reality-report/,Moonbucks Coffee,1003,Display,8006,394,safe,high,,"The placement is on a cybersecurity topic focusing on ransomware defense shifts. This content is generally neutral and related to technology and security, which does not fall into any hard unsafe or review categories defined by the advertiser's policy. There is no indication of sensitive or high-risk content categories present.",,"{""confidence"": ""high"", ""decision"": ""safe"", ""missing_evidence"": [], ""rationale"": ""The placement is on a cybersecurity topic focusing on ransomware defense shifts. This content is generally neutral and related to technology and security, which does not fall into any hard unsafe or review categories defined by the advertiser's policy. There is no indication of sensitive or high-risk content categories present."", ""risk_categories"": []}"
175,Cybersecurity / ransomware,Ransomware Threats and Defensive Strategies: Insights from Literature ...,https://ibimapublishing.com/articles/JIACS/2026/387036/,Jen & Berry's Ice Cream,1002,PMax,2623,156,safe,high,,"The ad placement is on a page about cybersecurity and ransomware, which does not include any content related to tobacco, adult themes, extremism, weapons, or divisive politics. The content appears professional and unrelated to any hard unsafe or review categories.",,"{""confidence"": ""high"", ""decision"": ""safe"", ""missing_evidence"": [], ""rationale"": ""The ad placement is on a page about cybersecurity and ransomware, which does not include any content related to tobacco, adult themes, extremism, weapons, or divisive politics. The content appears professional and unrelated to any hard unsafe or review categories."", ""risk_categories"": []}"
176,Startups / entrepreneurship,35 Must-Read Entrepreneurship Blogs to Learn From in 2026 - Hostinger,https://www.hostinger.com/tutorials/entrepreneurship-blog,Jet3 Holidays,1001,Search,7848,436,safe,high,,"The placement is on a site about entrepreneurship blogs, which is unrelated to the advertiser's extra-sensitive topics such as aviation incidents, war, terrorism, or transport disruptions. There is no evidence suggesting any connection to hard unsafe or review categories for this advertiser.",,"{""confidence"": ""high"", ""decision"": ""safe"", ""missing_evidence"": [], ""rationale"": ""The placement is on a site about entrepreneurship blogs, which is unrelated to the advertiser's extra-sensitive topics such as aviation incidents, war, terrorism, or transport disruptions. There is no evidence suggesting any connection to hard unsafe or review categories for this advertiser."", ""risk_categories"": []}"
177,Startups / entrepreneurship,100 Startup Blogs to Follow in 2026 - FeedSpot,https://bloggers.feedspot.com/startup_blogs/,Jet3 Holidays,1001,Paid Social,5327,49,safe,high,,"The placement is on a page about startup blogs and entrepreneurship, which is unrelated to any hard unsafe or review categories specified by the advertiser's policy. There is no evidence of aviation incidents, transport disruption, war, terrorism, or other sensitive content. The category and topic of the placement do not raise any flagged concerns for Jet3 Holidays.",,"{""confidence"": ""high"", ""decision"": ""safe"", ""missing_evidence"": [], ""rationale"": ""The placement is on a page about startup blogs and entrepreneurship, which is unrelated to any hard unsafe or review categories specified by the advertiser's policy. There is no evidence of aviation incidents, transport disruption, war, terrorism, or other sensitive content. The category and topic of the placement do not raise any flagged concerns for Jet3 Holidays."", ""risk_categories"": []}"
178,Startups / entrepreneurship,41 best startup blogs for any entrepreneur in 2026,https://www.outsourceaccelerator.com/articles/startup-blogs/,Jet3 Holidays,1001,Paid Social,4384,153,safe,high,,"The placement URL and title indicate content focused on startups and entrepreneurship, which does not overlap with any of the advertiser's hard unsafe categories such as aviation incidents, war, terrorism, or related sensitive issues. There is no evidence suggesting any risk or sensitivity concerning this advertiser's policy.",,"{""confidence"": ""high"", ""decision"": ""safe"", ""missing_evidence"": [], ""rationale"": ""The placement URL and title indicate content focused on startups and entrepreneurship, which does not overlap with any of the advertiser's hard unsafe categories such as aviation incidents, war, terrorism, or related sensitive issues. There is no evidence suggesting any risk or sensitivity concerning this advertiser's policy."", ""risk_categories"": []}"
179,Startups / entrepreneurship,13 Must-Read Startup Blog Pages for Founders,https://resources.s45.ai/blogs/best-startup-blogs-entrepreneurs,Plush Cosmetics,1004,Search,9921,276,safe,high,,"The placement is on a blog about startups and entrepreneurship, which is unrelated to any unsafe or review categories like harmful wellbeing, controversial political, extremist, tobacco, sexual, or violent content. The content aligns with business and professional themes, which are appropriate for a beauty and cosmetics advertiser.",,"{""confidence"": ""high"", ""decision"": ""safe"", ""missing_evidence"": [], ""rationale"": ""The placement is on a blog about startups and entrepreneurship, which is unrelated to any unsafe or review categories like harmful wellbeing, controversial political, extremist, tobacco, sexual, or violent content. The content aligns with business and professional themes, which are appropriate for a beauty and cosmetics advertiser."", ""risk_categories"": []}"
180,Startups / entrepreneurship,"103+ Best Startup Blogs for Founders in 2025 | Growth, VC, Product ...",https://www.startuplinkx.com/post/100-must-read-blogs-for-startup-founders-in-2025,Moonbucks Coffee,1003,Display,8985,395,safe,high,,The placement is on a page about startup blogs and entrepreneurship with no indication of any hard unsafe or review categories. The topic and context appear neutral and appropriate for a broad-reach coffee brand that blocks only high-risk content categories.,,"{""confidence"": ""high"", ""decision"": ""safe"", ""missing_evidence"": [], ""rationale"": ""The placement is on a page about startup blogs and entrepreneurship with no indication of any hard unsafe or review categories. The topic and context appear neutral and appropriate for a broad-reach coffee brand that blocks only high-risk content categories."", ""risk_categories"": []}"
181,Sports (football),Premier League | Fixtures and Results | March 2026 - Football Web Pages,https://www.footballwebpages.co.uk/premier-league/fixtures-results/march,Moonbucks Coffee,1003,Shopping,5584,19,safe,high,,"The placement is on a sports-related page with a clear title related to Premier League football fixtures and results, which aligns with neutral, general-interest content. There are no indications of any unsafe or review categories such as explicit sexual content, extremism, hate speech, or politics. Thus, it fits well within Moonbucks Coffee's acceptable content guidelines.",,"{""confidence"": ""high"", ""decision"": ""safe"", ""missing_evidence"": [], ""rationale"": ""The placement is on a sports-related page with a clear title related to Premier League football fixtures and results, which aligns with neutral, general-interest content. There are no indications of any unsafe or review categories such as explicit sexual content, extremism, hate speech, or politics. Thus, it fits well within Moonbucks Coffee's acceptable content guidelines."", ""risk_categories"": []}"
182,Sports (football),Premier League Fixtures March 2026 | StatMuse,https://www.statmuse.com/fc/ask/premier-league-fixtures-march-2026,Plush Cosmetics,1004,Display,4822,463,safe,high,,"The placement is on a sports-related display page about Premier League football fixtures, with no indication of any content related to harmful wellbeing, controversial politics, extremism, tobacco, sexual, or violent content. The content appears suitable for a beauty and cosmetics advertiser without risk based on the provided evidence.",,"{""confidence"": ""high"", ""decision"": ""safe"", ""missing_evidence"": [], ""rationale"": ""The placement is on a sports-related display page about Premier League football fixtures, with no indication of any content related to harmful wellbeing, controversial politics, extremism, tobacco, sexual, or violent content. The content appears suitable for a beauty and cosmetics advertiser without risk based on the provided evidence."", ""risk_categories"": []}"
183,Sports (football),Newcastle 2-3 Everton — Match Report: Sickening Outing,https://sports.yahoo.com/articles/newcastle-2-3-everton-match-140000695.html,Plush Cosmetics,1004,Display,9500,506,safe,high,,"The placement is on a sports article about a football match, which does not contain any content falling under harmful wellbeing, controversial political, extremist, tobacco, sexual, or violent categories. None of the hard unsafe or review categories are detected based on the supplied evidence.",,"{""confidence"": ""high"", ""decision"": ""safe"", ""missing_evidence"": [], ""rationale"": ""The placement is on a sports article about a football match, which does not contain any content falling under harmful wellbeing, controversial political, extremist, tobacco, sexual, or violent categories. None of the hard unsafe or review categories are detected based on the supplied evidence."", ""risk_categories"": []}"
184,Sports (football),Matt Targett's brace sets Middlesbrough back on road to Premier League,https://www.thetimes.com/sport/football/article/birmingham-city-middlesbrough-championship-score-result-report-zckg686m3,Moonbucks Coffee,1003,Shopping,3709,229,safe,high,,"The placement is a sports news article unrelated to any high-risk or review-listed content categories. The channel type is shopping but the content topic is football sports, which is safe for the advertiser. There is no indication of unsafe content categories such as explicit sexual content, extremism, hate, propaganda, or weapons. Review categories like politics, mental health, or conflict are also not relevant here.",,"{""confidence"": ""high"", ""decision"": ""safe"", ""missing_evidence"": [], ""rationale"": ""The placement is a sports news article unrelated to any high-risk or review-listed content categories. The channel type is shopping but the content topic is football sports, which is safe for the advertiser. There is no indication of unsafe content categories such as explicit sexual content, extremism, hate, propaganda, or weapons. Review categories like politics, mental health, or conflict are also not relevant here."", ""risk_categories"": []}"
185,Sports (football),"Premier League Publications, Reports, Bulletins & Announcements",https://www.premierleague.com/en/media/publications,Moonbucks Coffee,1003,Shopping,9185,11,safe,high,,"The placement is on a Premier League publications page focusing on sports (football), which is generally neutral and non-controversial content. None of the hard unsafe or review risk categories are evident from the provided information. Therefore, it is safe for the advertiser.",,"{""confidence"": ""high"", ""decision"": ""safe"", ""missing_evidence"": [], ""rationale"": ""The placement is on a Premier League publications page focusing on sports (football), which is generally neutral and non-controversial content. None of the hard unsafe or review risk categories are evident from the provided information. Therefore, it is safe for the advertiser."", ""risk_categories"": []}"
186,Movies / streaming,Every Movie Coming to Theaters in March 2026,https://movieweb.com/every-movie-theaters-march-2026/,Jen & Berry's Ice Cream,1002,Display,4827,61,safe,high,,"The placement is on a display channel with content focused on movies coming to theaters, which is family-friendly and aligns well with the advertiser's profile as a family-friendly food brand. There is no evidence of any hard unsafe or review risk categories such as adult themes, tobacco, extremism, or divisive content based on the provided data.",,"{""confidence"": ""high"", ""decision"": ""safe"", ""missing_evidence"": [], ""rationale"": ""The placement is on a display channel with content focused on movies coming to theaters, which is family-friendly and aligns well with the advertiser's profile as a family-friendly food brand. There is no evidence of any hard unsafe or review risk categories such as adult themes, tobacco, extremism, or divisive content based on the provided data."", ""risk_categories"": []}"
187,Movies / streaming,"March 2026 Movie Releases: Horror, Sci-Fi, & More - Screen Rant",https://screenrant.com/march-2026-movies-theaters-release-dates/,Jet3 Holidays,1001,Search,2589,60,safe,high,,"The placement is on a page about movie releases, a topic unrelated to the advertiser's hard unsafe categories such as aviation incidents, war, terrorism, and transport disruptions. There is no evidence suggesting any unsafe or sensitive content matching the advertiser's concerns. Click invalidity rate is low and does not raise concerns for click quality.",,"{""confidence"": ""high"", ""decision"": ""safe"", ""missing_evidence"": [], ""rationale"": ""The placement is on a page about movie releases, a topic unrelated to the advertiser's hard unsafe categories such as aviation incidents, war, terrorism, and transport disruptions. There is no evidence suggesting any unsafe or sensitive content matching the advertiser's concerns. Click invalidity rate is low and does not raise concerns for click quality."", ""risk_categories"": []}"
188,Movies / streaming,"Here's what's worth streaming in March 2026 on Netflix, Hulu, HBO Max and more",https://www.marketwatch.com/story/heres-whats-worth-streaming-in-march-2026-on-netflix-hulu-hbo-max-and-more-83f5b64d,Plush Cosmetics,1004,PMax,4705,128,safe,high,,"The placement is on a media article about streaming options, which aligns well with the advertiser's beauty and cosmetics focus without touching on any restricted or sensitive categories.",,"{""confidence"": ""high"", ""decision"": ""safe"", ""missing_evidence"": [], ""rationale"": ""The placement is on a media article about streaming options, which aligns well with the advertiser's beauty and cosmetics focus without touching on any restricted or sensitive categories."", ""risk_categories"": []}"
189,Movies / streaming,Best Movies Streaming in March 2026 (Variety),https://variety.com/lists/best-movies-streaming-march-2026/,Jet3 Holidays,1001,Search,5802,389,safe,high,,"The placement is on a page about movies streaming in March 2026, which is not related to any of the advertiser's hard unsafe categories such as aviation incidents, transport disruption, war, terrorism, or travel-adjacent disasters. There is no evidence of content related to extremism, hate, propaganda, or other sensitive themes. Therefore, this placement is safe for Jet3 Holidays.",,"{""confidence"": ""high"", ""decision"": ""safe"", ""missing_evidence"": [], ""rationale"": ""The placement is on a page about movies streaming in March 2026, which is not related to any of the advertiser's hard unsafe categories such as aviation incidents, transport disruption, war, terrorism, or travel-adjacent disasters. There is no evidence of content related to extremism, hate, propaganda, or other sensitive themes. Therefore, this placement is safe for Jet3 Holidays."", ""risk_categories"": []}"
190,Movies / streaming,"7 new horror movies on Netflix, Shudder, HBO Max, and more in March 2026",https://www.techradar.com/streaming/7-new-horror-movies-on-netflix-shudder-hbo-max-and-more-in-march-2026,Plush Cosmetics,1004,Search,5615,28,safe,high,,"The placement is for a page about new horror movies on major streaming platforms, categorized under Movies / streaming with no evidence of any hard unsafe or review risk categories relevant to the advertiser Plush Cosmetics. The content is not related to sensitive or harmful wellbeing, political, extremist, tobacco, sexual, or violent content as per the provided information.",,"{""confidence"": ""high"", ""decision"": ""safe"", ""missing_evidence"": [], ""rationale"": ""The placement is for a page about new horror movies on major streaming platforms, categorized under Movies / streaming with no evidence of any hard unsafe or review risk categories relevant to the advertiser Plush Cosmetics. The content is not related to sensitive or harmful wellbeing, political, extremist, tobacco, sexual, or violent content as per the provided information."", ""risk_categories"": []}"
191,Books / literature,The Books You Need to Read in 2026 | Waterstones.com Blog,https://www.waterstones.com/blog/the-books-you-need-to-read-in-2026,Moonbucks Coffee,1003,Display,4930,376,safe,high,,The placement is on a books and literature blog with no indications of unsafe content categories relevant to Moonbucks Coffee's restrictions. The topic and title suggest general interest content suitable for broad reach. No signs of high-risk or review categories are evident.,,"{""confidence"": ""high"", ""decision"": ""safe"", ""missing_evidence"": [], ""rationale"": ""The placement is on a books and literature blog with no indications of unsafe content categories relevant to Moonbucks Coffee's restrictions. The topic and title suggest general interest content suitable for broad reach. No signs of high-risk or review categories are evident."", ""risk_categories"": []}"
192,Books / literature,The Best New Books Out in 2026 - Penguin Books UK,https://www.penguin.co.uk/discover/articles/best-must-read-books-2026,Jet3 Holidays,1001,Search,3840,289,safe,high,,"The placement URL leads to a page about books and literature, which is unrelated to any high-risk categories such as aviation incidents, war, terrorism, or other unsafe content stipulated by the advertiser's policies. The channel type is Search, and although there are some invalid clicks, there is no indication that the content is unsafe or sensitive. Therefore, this placement is safe for Jet3 Holidays advertising.",,"{""confidence"": ""high"", ""decision"": ""safe"", ""missing_evidence"": [], ""rationale"": ""The placement URL leads to a page about books and literature, which is unrelated to any high-risk categories such as aviation incidents, war, terrorism, or other unsafe content stipulated by the advertiser's policies. The channel type is Search, and although there are some invalid clicks, there is no indication that the content is unsafe or sensitive. Therefore, this placement is safe for Jet3 Holidays advertising."", ""risk_categories"": []}"
193,Books / literature,Spring 2026 Fiction & Nonfiction Preview: Literary Fiction (Publishers Weekly),https://www.publishersweekly.com/pw/by-topic/new-titles/adult-announcements/article/99233-spring-2026-fiction-nonfiction-preview-literary-fiction.html,Plush Cosmetics,1004,Search,7543,409,safe,high,,"The placement is on a literary fiction and nonfiction preview page related to books and literature. There is no indication of content related to harmful wellbeing, controversial political, extremist, tobacco, sexual, or violent themes that conflict with Plush Cosmetics' policy. The provided evidence includes title and topic, which support a safe placement decision.",,"{""confidence"": ""high"", ""decision"": ""safe"", ""missing_evidence"": [], ""rationale"": ""The placement is on a literary fiction and nonfiction preview page related to books and literature. There is no indication of content related to harmful wellbeing, controversial political, extremist, tobacco, sexual, or violent themes that conflict with Plush Cosmetics' policy. The provided evidence includes title and topic, which support a safe placement decision."", ""risk_categories"": []}"
194,Books / literature,The Best Books of 2026 So Far - The New Yorker,https://www.newyorker.com/best-books-2026,Plush Cosmetics,1004,Paid Social,6467,222,safe,high,,"The placement is on a reputable book review page with topics related to literature, which does not overlap with any hard unsafe or review categories for Plush Cosmetics. There is no evidence of sensitive or harmful content that conflicts with the advertiser's policy.",,"{""confidence"": ""high"", ""decision"": ""safe"", ""missing_evidence"": [], ""rationale"": ""The placement is on a reputable book review page with topics related to literature, which does not overlap with any hard unsafe or review categories for Plush Cosmetics. There is no evidence of sensitive or harmful content that conflicts with the advertiser's policy."", ""risk_categories"": []}"
195,Books / literature,The Best Books of 2026 So Far | Vogue,https://www.vogue.com/article/best-books-of-2026,Jen & Berry's Ice Cream,1002,Paid Social,7960,606,safe,high,,"The placement is on a reputable Vogue page about books and literature, which aligns with family-friendly content and does not include any hard unsafe or review risk categories specified by the advertiser. There is no evidence of adult themes, tobacco, extremism, weapons, or divisive political content.",,"{""confidence"": ""high"", ""decision"": ""safe"", ""missing_evidence"": [], ""rationale"": ""The placement is on a reputable Vogue page about books and literature, which aligns with family-friendly content and does not include any hard unsafe or review risk categories specified by the advertiser. There is no evidence of adult themes, tobacco, extremism, weapons, or divisive political content."", ""risk_categories"": []}"
196,Music / album reviews,New Albums & Music Reviews | Pitchfork,https://pitchfork.com/reviews/albums/,Jen & Berry's Ice Cream,1002,Shopping,3582,139,safe,high,,"The placement is on a music album review page (Pitchfork) which is considered family-friendly and does not involve any of the hard unsafe or review categories of concern for Jen & Berry's Ice Cream. The page content is related to music reviews and shopping, which aligns well with the advertiser's family-friendly food brand without any sensitive or inappropriate content indicated.",,"{""confidence"": ""high"", ""decision"": ""safe"", ""missing_evidence"": [], ""rationale"": ""The placement is on a music album review page (Pitchfork) which is considered family-friendly and does not involve any of the hard unsafe or review categories of concern for Jen & Berry's Ice Cream. The page content is related to music reviews and shopping, which aligns well with the advertiser's family-friendly food brand without any sensitive or inappropriate content indicated."", ""risk_categories"": []}"
197,Music / album reviews,Silent Century (Pitchfork review),https://pitchfork.com/reviews/albums/jackie-west-silent-century,Moonbucks Coffee,1003,Search,1146,39,safe,high,,"The placement is on a music album review page with no indication of any unsafe content categories listed in the advertiser's policy. The content is general-interest, neutral and suitable for the advertiser's broad-reach criteria. No evidence of high-risk or review categories is present.",,"{""confidence"": ""high"", ""decision"": ""safe"", ""missing_evidence"": [], ""rationale"": ""The placement is on a music album review page with no indication of any unsafe content categories listed in the advertiser's policy. The content is general-interest, neutral and suitable for the advertiser's broad-reach criteria. No evidence of high-risk or review categories is present."", ""risk_categories"": []}"
198,Music / album reviews,wonderful (Pitchfork review),https://pitchfork.com/reviews/albums/skaiwater-wonderful,Plush Cosmetics,1004,PMax,2830,131,safe,high,,"The placement is on a Pitchfork album review page focused on music, a neutral content topic that poses no direct risk in terms of explicit sexual content, extremism, tobacco, or other hard unsafe categories for Plush Cosmetics. There is no evidence of controversial or sensitive content present.",,"{""confidence"": ""high"", ""decision"": ""safe"", ""missing_evidence"": [], ""rationale"": ""The placement is on a Pitchfork album review page focused on music, a neutral content topic that poses no direct risk in terms of explicit sexual content, extremism, tobacco, or other hard unsafe categories for Plush Cosmetics. There is no evidence of controversial or sensitive content present."", ""risk_categories"": []}"
199,Music / album reviews,2026 Albums List: Here's What You'll Hear Next Year - Stereogum,https://www.stereogum.com/2483786/2026-albums-release-list/lists/album-list,Jet3 Holidays,1001,PMax,6611,68,safe,high,,"The placement is on a music album release list page with no indications of aviation incidents, transport disruption, war, terrorism, or travel-related disasters. The content is unrelated to any hard unsafe categories specified by the advertiser policy. Click data does not indicate any suspicious activity relevant to safety concerns.",,"{""confidence"": ""high"", ""decision"": ""safe"", ""missing_evidence"": [], ""rationale"": ""The placement is on a music album release list page with no indications of aviation incidents, transport disruption, war, terrorism, or travel-related disasters. The content is unrelated to any hard unsafe categories specified by the advertiser policy. Click data does not indicate any suspicious activity relevant to safety concerns."", ""risk_categories"": []}"
200,Music / album reviews,Bruno Mars Makes a Leisure Suit of a Record With ‘The Romantic’ (Variety review),https://variety.com/2026/music/album-reviews/bruno-mars-the-romantic-album-review-1236674615/,Moonbucks Coffee,1003,Display,4271,27,safe,high,,"The placement is on a music album review page, which is generally neutral and falls outside any hard unsafe or review categories specified by the advertiser. There is no evidence of high-risk content such as explicit sexual content, extremism, hate, propaganda, weapons, or review-category topics. The content aligns well with the advertiser's tolerance for general-interest content.",,"{""confidence"": ""high"", ""decision"": ""safe"", ""missing_evidence"": [], ""rationale"": ""The placement is on a music album review page, which is generally neutral and falls outside any hard unsafe or review categories specified by the advertiser. There is no evidence of high-risk content such as explicit sexual content, extremism, hate, propaganda, weapons, or review-category topics. The content aligns well with the advertiser's tolerance for general-interest content."", ""risk_categories"": []}"
201,mrbeast,,https://www.youtube.com/watch?v=0e3GPea1Tyg,Moonbucks Coffee,1003,Youtube,1539,2,review,medium,unknown_content,"The placement is on a YouTube video with the topic 'mrbeast', which does not clearly indicate any unsafe content. However, the title is missing ('nan'), and there is no detailed content description, leading to uncertainty about the content's nature. Given the advertiser's policy to block universal high-risk content and willingness to tolerate more neutral news and general-interest content, this unknown content category requires review to ensure suitability.",title;detailed content description,"{""confidence"": ""medium"", ""decision"": ""review"", ""missing_evidence"": [""title"", ""detailed content description""], ""rationale"": ""The placement is on a YouTube video with the topic 'mrbeast', which does not clearly indicate any unsafe content. However, the title is missing ('nan'), and there is no detailed content description, leading to uncertainty about the content's nature. Given the advertiser's policy to block universal high-risk content and willingness to tolerate more neutral news and general-interest content, this unknown content category requires review to ensure suitability."", ""risk_categories"": [""unknown_content""]}"
202,mrbeast,,https://www.youtube.com/watch?v=9bqk6ZUsKyA,Plush Cosmetics,1004,Youtube,4385,322,review,medium,unknown_content,"The placement is a YouTube video with no provided title and an unclear topic described only as 'mrbeast'. Given the lack of detailed content information and the potential sensitivity around user-generated video content, it is prudent to flag for review rather than deem outright safe. No evidence of hard unsafe categories is present, but uncertainty remains due to missing details.",title;content_description,"{""confidence"": ""medium"", ""decision"": ""review"", ""missing_evidence"": [""title"", ""content_description""], ""rationale"": ""The placement is a YouTube video with no provided title and an unclear topic described only as 'mrbeast'. Given the lack of detailed content information and the potential sensitivity around user-generated video content, it is prudent to flag for review rather than deem outright safe. No evidence of hard unsafe categories is present, but uncertainty remains due to missing details."", ""risk_categories"": [""unknown_content""]}"
203,mrbeast,,https://www.youtube.com/watch?v=TJ2ifmkGGus,Plush Cosmetics,1004,Youtube,9447,425,review,medium,unknown_content,"The placement lacks title and content details, providing only a generic topic 'mrbeast' which does not clarify the video's nature or content. Given the advertiser's sensitivity to controversial and harmful content, and the absence of detailed content information, a review decision is prudent to avoid potential risks.",title;content;detailed topic,"{""confidence"": ""medium"", ""decision"": ""review"", ""missing_evidence"": [""title"", ""content"", ""detailed topic""], ""rationale"": ""The placement lacks title and content details, providing only a generic topic 'mrbeast' which does not clarify the video's nature or content. Given the advertiser's sensitivity to controversial and harmful content, and the absence of detailed content information, a review decision is prudent to avoid potential risks."", ""risk_categories"": [""unknown_content""]}"
204,mrbeast,,https://www.youtube.com/watch?v=zajUgQLviwk,Jen & Berry's Ice Cream,1002,Youtube,2409,135,review,medium,unknown_content,"The placement is on a YouTube video with no provided title and a generic topic label 'mrbeast', which does not provide enough context to determine if the content aligns with the family-friendly and sensitive criteria of the advertiser. Without title or content details, it is uncertain whether the video contains any unsafe categories such as tobacco, adult themes, or divisive content. Given the lack of sufficient evidence and potential sensitivity, a review is recommended.",title;content description,"{""confidence"": ""medium"", ""decision"": ""review"", ""missing_evidence"": [""title"", ""content description""], ""rationale"": ""The placement is on a YouTube video with no provided title and a generic topic label 'mrbeast', which does not provide enough context to determine if the content aligns with the family-friendly and sensitive criteria of the advertiser. Without title or content details, it is uncertain whether the video contains any unsafe categories such as tobacco, adult themes, or divisive content. Given the lack of sufficient evidence and potential sensitivity, a review is recommended."", ""risk_categories"": [""unknown_content""]}"
205,mrbeast,,https://www.youtube.com/watch?v=ndAQfTzlVjc,Jen & Berry's Ice Cream,1002,Youtube,8661,495,review,medium,unknown_content,"The placement is on a YouTube video with an unknown title and a general topic of 'mrbeast'. Without the specific content information or title, it is uncertain if the content aligns with the advertiser's family-friendly policy or if it includes any disallowed categories such as tobacco, adult themes, or extremism. Due to this uncertainty, a review decision is appropriate to ensure compliance with advertiser policies.",title;content_description,"{""confidence"": ""medium"", ""decision"": ""review"", ""missing_evidence"": [""title"", ""content_description""], ""rationale"": ""The placement is on a YouTube video with an unknown title and a general topic of 'mrbeast'. Without the specific content information or title, it is uncertain if the content aligns with the advertiser's family-friendly policy or if it includes any disallowed categories such as tobacco, adult themes, or extremism. Due to this uncertainty, a review decision is appropriate to ensure compliance with advertiser policies."", ""risk_categories"": [""unknown_content""]}"
206,mrbeast,,https://www.youtube.com/watch?v=sESRuTyfsEk,Moonbucks Coffee,1003,Youtube,5901,1331,review,medium,unknown_content;click_quality,"The placement is for a YouTube video with the topic 'mrbeast', but the title is missing and the content topic is not clearly related to the advertiser. The high number of invalid clicks (1331 out of 5901) suggests potential click quality issues, which is a review category for this advertiser. Due to lack of full content context and missing title, there is uncertainty about content safety, so review is prudent.",title;video_content_description,"{""confidence"": ""medium"", ""decision"": ""review"", ""missing_evidence"": [""title"", ""video_content_description""], ""rationale"": ""The placement is for a YouTube video with the topic 'mrbeast', but the title is missing and the content topic is not clearly related to the advertiser. The high number of invalid clicks (1331 out of 5901) suggests potential click quality issues, which is a review category for this advertiser. Due to lack of full content context and missing title, there is uncertainty about content safety, so review is prudent."", ""risk_categories"": [""unknown_content"", ""click_quality""]}"
207,mrbeast,,https://www.youtube.com/watch?v=qkzJRqUO_VE,Plush Cosmetics,1004,Youtube,2682,200,review,medium,unknown_content,"The placement has missing title information and minimal context about the video content besides the topic 'mrbeast', which does not explicitly confirm safety. While no direct unsafe categories are indicated, the lack of detailed content or title data introduces uncertainty around potential sensitive material. Given the advertiser's sensitivity to harmful or controversial content, a review status is appropriate.",title;detailed content description,"{""confidence"": ""medium"", ""decision"": ""review"", ""missing_evidence"": [""title"", ""detailed content description""], ""rationale"": ""The placement has missing title information and minimal context about the video content besides the topic 'mrbeast', which does not explicitly confirm safety. While no direct unsafe categories are indicated, the lack of detailed content or title data introduces uncertainty around potential sensitive material. Given the advertiser's sensitivity to harmful or controversial content, a review status is appropriate."", ""risk_categories"": [""unknown_content""]}"
208,mrbeast,,https://www.youtube.com/watch?v=7IKab3HcfFk,Jet3 Holidays,1001,Youtube,1479,12,review,medium,unknown_content,"The placement is from a YouTube channel related to 'mrbeast' with missing title information, which creates uncertainty about the actual content. Given the advertiser's sensitivity to aviation incidents, transport disruption, and related travel crises, and the lack of definitive evidence to classify this as safe or unsafe, a review is prudent to ensure no hidden risks are present.",title;content description,"{""confidence"": ""medium"", ""decision"": ""review"", ""missing_evidence"": [""title"", ""content description""], ""rationale"": ""The placement is from a YouTube channel related to 'mrbeast' with missing title information, which creates uncertainty about the actual content. Given the advertiser's sensitivity to aviation incidents, transport disruption, and related travel crises, and the lack of definitive evidence to classify this as safe or unsafe, a review is prudent to ensure no hidden risks are present."", ""risk_categories"": [""unknown_content""]}"
209,mrbeast,,https://www.youtube.com/watch?v=Hwybp38GnZw,Moonbucks Coffee,1003,Youtube,2374,75,review,medium,unknown_content,"The placement is on a YouTube channel about 'mrbeast' which is generally neutral and mainstream, but the video title is missing and the content specifics are unknown, creating uncertainty about suitability. Since the advertiser blocks high-risk content but tolerates neutral/general-interest content, and because there is missing title information preventing a clear safety judgment, a review is appropriate.",title;content_body,"{""confidence"": ""medium"", ""decision"": ""review"", ""missing_evidence"": [""title"", ""content_body""], ""rationale"": ""The placement is on a YouTube channel about 'mrbeast' which is generally neutral and mainstream, but the video title is missing and the content specifics are unknown, creating uncertainty about suitability. Since the advertiser blocks high-risk content but tolerates neutral/general-interest content, and because there is missing title information preventing a clear safety judgment, a review is appropriate."", ""risk_categories"": [""unknown_content""]}"
210,mrbeast,,https://www.youtube.com/watch?v=r7zJ8srwwjk,Moonbucks Coffee,1003,Youtube,6737,599,review,medium,unknown_content,"The placement URL is a YouTube video with the topic labeled as 'mrbeast,' but missing the title and detailed content description. While there is no indication of hard unsafe categories, the lack of detailed content evidence generates uncertainty. Given the advertiser's tolerance for neutral content but avoidance of higher-risk content, and since the video content is unknown beyond a popular creator's name, a review decision is appropriate to ensure compliance.",title;topic details;content description,"{""confidence"": ""medium"", ""decision"": ""review"", ""missing_evidence"": [""title"", ""topic details"", ""content description""], ""rationale"": ""The placement URL is a YouTube video with the topic labeled as 'mrbeast,' but missing the title and detailed content description. While there is no indication of hard unsafe categories, the lack of detailed content evidence generates uncertainty. Given the advertiser's tolerance for neutral content but avoidance of higher-risk content, and since the video content is unknown beyond a popular creator's name, a review decision is appropriate to ensure compliance."", ""risk_categories"": [""unknown_content""]}"
211,alt right podcast,,https://www.youtube.com/watch?v=X_KXvjOJ7YA,Plush Cosmetics,1004,Youtube,4320,143,unsafe,high,extremism;hate_or_alt_right,"The placement is on content labeled as an 'alt right podcast,' which falls under extremism and hate or alt right categories that are hard unsafe for the advertiser Plush Cosmetics. This makes the placement unsafe for the advertiser based on their policy.",title,"{""confidence"": ""high"", ""decision"": ""unsafe"", ""missing_evidence"": [""title""], ""rationale"": ""The placement is on content labeled as an 'alt right podcast,' which falls under extremism and hate or alt right categories that are hard unsafe for the advertiser Plush Cosmetics. This makes the placement unsafe for the advertiser based on their policy."", ""risk_categories"": [""extremism"", ""hate_or_alt_right""]}"
212,alt right podcast,,https://www.youtube.com/watch?v=3myXWQmI1Hk,Plush Cosmetics,1004,Youtube,1109,109,unsafe,high,extremism;hate_or_alt_right,"The placement is identified as an alt right podcast, which falls under extremism and hate_or_alt_right categories—both hard unsafe for the advertiser Plush Cosmetics. Although the title is missing, the provided topic strongly indicates unsafe content.",title,"{""confidence"": ""high"", ""decision"": ""unsafe"", ""missing_evidence"": [""title""], ""rationale"": ""The placement is identified as an alt right podcast, which falls under extremism and hate_or_alt_right categories\u2014both hard unsafe for the advertiser Plush Cosmetics. Although the title is missing, the provided topic strongly indicates unsafe content."", ""risk_categories"": [""extremism"", ""hate_or_alt_right""]}"
213,alt right podcast,,https://www.youtube.com/watch?v=UNYBy19S6GA,Jen & Berry's Ice Cream,1002,Youtube,1595,292,unsafe,high,extremism;hate_or_alt_right,"The placement is a YouTube video with topic identified as 'alt right podcast,' which falls directly into the advertiser's hard unsafe categories of extremism and hate_or_alt_right. Given the advertiser Jen & Berry's Ice Cream is a family-friendly brand sensitive to extremism, this placement is not safe.",title,"{""confidence"": ""high"", ""decision"": ""unsafe"", ""missing_evidence"": [""title""], ""rationale"": ""The placement is a YouTube video with topic identified as 'alt right podcast,' which falls directly into the advertiser's hard unsafe categories of extremism and hate_or_alt_right. Given the advertiser Jen & Berry's Ice Cream is a family-friendly brand sensitive to extremism, this placement is not safe."", ""risk_categories"": [""extremism"", ""hate_or_alt_right""]}"
214,alt right podcast,,https://www.youtube.com/watch?v=efBB0D4tf1Y,Jen & Berry's Ice Cream,1002,Youtube,9064,300,unsafe,high,extremism;hate_or_alt_right,"The placement is a podcast with a topic labeled 'alt right podcast', which directly relates to extremism and hate or alt-right content categories that are hard unsafe for this family-friendly food brand advertiser. Even without title, the alt right topic strongly indicates content that violates the advertiser's safety policies.",title,"{""confidence"": ""high"", ""decision"": ""unsafe"", ""missing_evidence"": [""title""], ""rationale"": ""The placement is a podcast with a topic labeled 'alt right podcast', which directly relates to extremism and hate or alt-right content categories that are hard unsafe for this family-friendly food brand advertiser. Even without title, the alt right topic strongly indicates content that violates the advertiser's safety policies."", ""risk_categories"": [""extremism"", ""hate_or_alt_right""]}"
215,alt right podcast,,https://www.youtube.com/watch?v=yINwbJ6kSZU,Moonbucks Coffee,1003,Youtube,1931,52,unsafe,high,hate_or_alt_right,"The placement is associated with an alt right podcast, which falls under the hard unsafe category 'hate_or_alt_right' specified by the advertiser's policy. Therefore, this placement is categorized as unsafe for Moonbucks Coffee.",title,"{""confidence"": ""high"", ""decision"": ""unsafe"", ""missing_evidence"": [""title""], ""rationale"": ""The placement is associated with an alt right podcast, which falls under the hard unsafe category 'hate_or_alt_right' specified by the advertiser's policy. Therefore, this placement is categorized as unsafe for Moonbucks Coffee."", ""risk_categories"": [""hate_or_alt_right""]}"
216,alt right podcast,,https://www.youtube.com/watch?v=M3uD7HlBDD0,Plush Cosmetics,1004,Youtube,2374,229,unsafe,high,extremism;hate_or_alt_right,"The placement topic is identified as 'alt right podcast,' which aligns directly with the advertiser's hard unsafe categories of extremism and hate or alt right content. Such categories are explicitly prohibited for this advertiser, making the placement unsafe.",title;body,"{""confidence"": ""high"", ""decision"": ""unsafe"", ""missing_evidence"": [""title"", ""body""], ""rationale"": ""The placement topic is identified as 'alt right podcast,' which aligns directly with the advertiser's hard unsafe categories of extremism and hate or alt right content. Such categories are explicitly prohibited for this advertiser, making the placement unsafe."", ""risk_categories"": [""extremism"", ""hate_or_alt_right""]}"
217,alt right podcast,,https://www.youtube.com/watch?v=2El1NWjM8pY,Jet3 Holidays,1001,Youtube,9066,182,unsafe,high,hate_or_alt_right,"The placement is on an alt right podcast channel, which falls under hate_or_alt_right, one of the advertiser's hard unsafe categories. Given Jet3 Holidays' sensitivity to extremist content, this placement is unsafe.",title,"{""confidence"": ""high"", ""decision"": ""unsafe"", ""missing_evidence"": [""title""], ""rationale"": ""The placement is on an alt right podcast channel, which falls under hate_or_alt_right, one of the advertiser's hard unsafe categories. Given Jet3 Holidays' sensitivity to extremist content, this placement is unsafe."", ""risk_categories"": [""hate_or_alt_right""]}"
218,alt right podcast,,https://www.youtube.com/watch?v=OogznCaVZfU,Moonbucks Coffee,1003,Youtube,7787,343,unsafe,high,hate_or_alt_right,"The placement is on an 'alt right podcast' channel, which falls under the advertiser's hard unsafe category 'hate_or_alt_right'. Despite the missing title and additional content details, the topic alone indicates this placement is unsafe for the advertiser Moonbucks Coffee who blocks all universal high-risk content including hate or alt-right content.",title;body,"{""confidence"": ""high"", ""decision"": ""unsafe"", ""missing_evidence"": [""title"", ""body""], ""rationale"": ""The placement is on an 'alt right podcast' channel, which falls under the advertiser's hard unsafe category 'hate_or_alt_right'. Despite the missing title and additional content details, the topic alone indicates this placement is unsafe for the advertiser Moonbucks Coffee who blocks all universal high-risk content including hate or alt-right content."", ""risk_categories"": [""hate_or_alt_right""]}"
219,alt right podcast,,https://www.youtube.com/watch?v=Izr0xpR9U2A,Moonbucks Coffee,1003,Youtube,2709,224,unsafe,high,hate_or_alt_right,"The placement's topic is identified as 'alt right podcast', which falls under the advertiser's hard unsafe category 'hate_or_alt_right'. This makes the placement clearly unsafe for Moonbucks Coffee according to their policy.",title,"{""confidence"": ""high"", ""decision"": ""unsafe"", ""missing_evidence"": [""title""], ""rationale"": ""The placement's topic is identified as 'alt right podcast', which falls under the advertiser's hard unsafe category 'hate_or_alt_right'. This makes the placement clearly unsafe for Moonbucks Coffee according to their policy."", ""risk_categories"": [""hate_or_alt_right""]}"
220,alt right podcast,,https://www.youtube.com/watch?v=gLofWjrc91M,Plush Cosmetics,1004,Youtube,1022,9,unsafe,high,extremism;hate_or_alt_right,"The placement is on a topic labeled 'alt right podcast,' which directly relates to one of the advertiser's hard unsafe categories 'hate_or_alt_right' and 'extremism'. Given the explicit mention of alt right and the advertiser's policy to avoid these categories, this placement is unsafe for Plush Cosmetics.",title,"{""confidence"": ""high"", ""decision"": ""unsafe"", ""missing_evidence"": [""title""], ""rationale"": ""The placement is on a topic labeled 'alt right podcast,' which directly relates to one of the advertiser's hard unsafe categories 'hate_or_alt_right' and 'extremism'. Given the explicit mention of alt right and the advertiser's policy to avoid these categories, this placement is unsafe for Plush Cosmetics."", ""risk_categories"": [""extremism"", ""hate_or_alt_right""]}"
221,Maga rally,,https://www.youtube.com/watch?v=cb5038XFr7o,Plush Cosmetics,1004,Youtube,8715,127,review,medium,politics,"The placement is for a video titled 'nan' but with a topic labelled 'Maga rally', which relates to a political rally. Politics is a review category for this advertiser. There is no explicit evidence of hard unsafe content categories such as extremism or hate, but the political nature warrants review given the advertiser's sensitivity to controversial political content.",title;full_content,"{""confidence"": ""medium"", ""decision"": ""review"", ""missing_evidence"": [""title"", ""full_content""], ""rationale"": ""The placement is for a video titled 'nan' but with a topic labelled 'Maga rally', which relates to a political rally. Politics is a review category for this advertiser. There is no explicit evidence of hard unsafe content categories such as extremism or hate, but the political nature warrants review given the advertiser's sensitivity to controversial political content."", ""risk_categories"": [""politics""]}"
222,Maga rally,,https://www.youtube.com/watch?v=ppo52N_-lr0,Jen & Berry's Ice Cream,1002,Youtube,70,1,review,high,politics,"The placement is on a Youtube video about a Maga rally, which is political content. The advertiser is sensitive to divisive political content, so this placement falls under the review category due to politics. The title is missing, which adds to uncertainty, but the topic alone indicates potential sensitivity.",title,"{""confidence"": ""high"", ""decision"": ""review"", ""missing_evidence"": [""title""], ""rationale"": ""The placement is on a Youtube video about a Maga rally, which is political content. The advertiser is sensitive to divisive political content, so this placement falls under the review category due to politics. The title is missing, which adds to uncertainty, but the topic alone indicates potential sensitivity."", ""risk_categories"": [""politics""]}"
223,Maga rally,,https://www.youtube.com/watch?v=LbYgxmiksvY,Jen & Berry's Ice Cream,1002,Youtube,45,2,review,medium,politics,"The placement is on a video about a 'Maga rally,' which is politically charged and could potentially contain divisive political content. Since the advertiser is sensitive to divisive political content and the topic is political in nature, the placement requires review. There is no explicit evidence of hard unsafe categories, so it is not categorized as unsafe.",title;video content body,"{""confidence"": ""medium"", ""decision"": ""review"", ""missing_evidence"": [""title"", ""video content body""], ""rationale"": ""The placement is on a video about a 'Maga rally,' which is politically charged and could potentially contain divisive political content. Since the advertiser is sensitive to divisive political content and the topic is political in nature, the placement requires review. There is no explicit evidence of hard unsafe categories, so it is not categorized as unsafe."", ""risk_categories"": [""politics""]}"
224,Maga rally,,https://www.youtube.com/watch?v=n7olTKux4tk,Moonbucks Coffee,1003,Youtube,300,30,review,medium,politics,"The placement is associated with a 'Maga rally,' which is a politically charged event. Given the advertiser's policy to block high-risk content and review politics-related content, this placement falls under a review category. Lack of title and detailed content increases uncertainty, so a cautious review decision is appropriate.",title;body content,"{""confidence"": ""medium"", ""decision"": ""review"", ""missing_evidence"": [""title"", ""body content""], ""rationale"": ""The placement is associated with a 'Maga rally,' which is a politically charged event. Given the advertiser's policy to block high-risk content and review politics-related content, this placement falls under a review category. Lack of title and detailed content increases uncertainty, so a cautious review decision is appropriate."", ""risk_categories"": [""politics""]}"
225,Maga rally,,https://www.youtube.com/watch?v=_pLSLPcZYVg,Plush Cosmetics,1004,Youtube,1479,12,review,medium,politics;unknown_content,"The placement is for a video titled 'nan' with topic 'Maga rally', which relates to political content. Political content is flagged for review according to the advertiser's policy. Additionally, the missing title and body text create uncertainty about the full nature of the content, warranting review rather than safe or unsafe determination.",title;body,"{""confidence"": ""medium"", ""decision"": ""review"", ""missing_evidence"": [""title"", ""body""], ""rationale"": ""The placement is for a video titled 'nan' with topic 'Maga rally', which relates to political content. Political content is flagged for review according to the advertiser's policy. Additionally, the missing title and body text create uncertainty about the full nature of the content, warranting review rather than safe or unsafe determination."", ""risk_categories"": [""politics"", ""unknown_content""]}"
226,Maga rally,,https://www.youtube.com/watch?v=Zc5ceIkihYE,Jet3 Holidays,1001,Youtube,2374,75,review,medium,politics;click_quality,"The placement is on a Youtube video with a topic 'Maga rally', which relates to politics and potentially sensitive political content. The advertiser is travel-related and sensitive to certain risks; while this is not directly linked to the advertiser's hard unsafe categories, politics is a review category. Additionally, there is a small percentage of invalid clicks which could indicate click quality issues. The lack of a title adds uncertainty to the content's nature.",title;body,"{""confidence"": ""medium"", ""decision"": ""review"", ""missing_evidence"": [""title"", ""body""], ""rationale"": ""The placement is on a Youtube video with a topic 'Maga rally', which relates to politics and potentially sensitive political content. The advertiser is travel-related and sensitive to certain risks; while this is not directly linked to the advertiser's hard unsafe categories, politics is a review category. Additionally, there is a small percentage of invalid clicks which could indicate click quality issues. The lack of a title adds uncertainty to the content's nature."", ""risk_categories"": [""politics"", ""click_quality""]}"
227,Maga rally,,https://www.youtube.com/watch?v=PvTMxwPI4_0,Moonbucks Coffee,1003,Youtube,6737,599,review,high,politics,"The placement is on a video with the topic 'Maga rally,' which is politically charged content. Moonbucks Coffee tolerates more neutral news and general-interest content but has review policies for politics-related content. No title or further content details were provided, so there is some uncertainty, but due to the political nature of the topic, a review decision is appropriate.",title;video content body,"{""confidence"": ""high"", ""decision"": ""review"", ""missing_evidence"": [""title"", ""video content body""], ""rationale"": ""The placement is on a video with the topic 'Maga rally,' which is politically charged content. Moonbucks Coffee tolerates more neutral news and general-interest content but has review policies for politics-related content. No title or further content details were provided, so there is some uncertainty, but due to the political nature of the topic, a review decision is appropriate."", ""risk_categories"": [""politics""]}"
228,Maga rally,,https://www.youtube.com/watch?v=uny2nOMpYKg,Moonbucks Coffee,1003,Youtube,9066,182,review,medium,politics,"The placement is a YouTube video related to a Maga rally, which is a politically sensitive topic. Since the advertiser tolerates neutral news and general-interest content but blocks high-risk content, and politics is a review category, this placement should be reviewed. The missing title and content details increase uncertainty, recommending a cautious approach.",title;content_body,"{""confidence"": ""medium"", ""decision"": ""review"", ""missing_evidence"": [""title"", ""content_body""], ""rationale"": ""The placement is a YouTube video related to a Maga rally, which is a politically sensitive topic. Since the advertiser tolerates neutral news and general-interest content but blocks high-risk content, and politics is a review category, this placement should be reviewed. The missing title and content details increase uncertainty, recommending a cautious approach."", ""risk_categories"": [""politics""]}"
229,Maga rally,,https://www.youtube.com/watch?v=R--1IfIPcc0,Plush Cosmetics,1004,Youtube,7787,343,review,high,politics,"The placement is linked to a 'Maga rally' topic, which is political in nature. Although political content is not automatically unsafe, this advertiser's policy designates political content for review. The lack of title and body content increases uncertainty. Therefore, the placement requires review to assess suitability in context of the advertiser's sensitive content policies.",title;body,"{""confidence"": ""high"", ""decision"": ""review"", ""missing_evidence"": [""title"", ""body""], ""rationale"": ""The placement is linked to a 'Maga rally' topic, which is political in nature. Although political content is not automatically unsafe, this advertiser's policy designates political content for review. The lack of title and body content increases uncertainty. Therefore, the placement requires review to assess suitability in context of the advertiser's sensitive content policies."", ""risk_categories"": [""politics""]}"
230,Maga rally,,https://www.youtube.com/watch?v=x-zw0OXfmCY,Plush Cosmetics,1004,Youtube,2858,108,review,medium,politics,"The placement is a YouTube video with topic 'Maga rally', which is political in nature. While politics is a review category for this advertiser, the exact content is unknown due to missing title and detailed content information. Given the political sensitivity and potential for controversy, this placement requires review to ensure compliance.",title;body content,"{""confidence"": ""medium"", ""decision"": ""review"", ""missing_evidence"": [""title"", ""body content""], ""rationale"": ""The placement is a YouTube video with topic 'Maga rally', which is political in nature. While politics is a review category for this advertiser, the exact content is unknown due to missing title and detailed content information. Given the political sensitivity and potential for controversy, this placement requires review to ensure compliance."", ""risk_categories"": [""politics""]}"
231,comedian,,https://www.youtube.com/watch?v=-_WGnyzfy18,Jen & Berry's Ice Cream,1002,Youtube,1386,20,review,medium,unknown_content,"The placement is a YouTube video labeled only as 'nan' with topic 'comedian', which does not provide sufficient information to determine if the content aligns with the advertiser's family-friendly policy. The lack of title and detailed content makes it uncertain whether the video contains any content related to the advertiser's hard unsafe categories or review categories. Therefore, a review decision is prudent given the weak evidence and potential sensitivity of comedic content.",title;content_description;body_text;detailed_topic_information,"{""confidence"": ""medium"", ""decision"": ""review"", ""missing_evidence"": [""title"", ""content_description"", ""body_text"", ""detailed_topic_information""], ""rationale"": ""The placement is a YouTube video labeled only as 'nan' with topic 'comedian', which does not provide sufficient information to determine if the content aligns with the advertiser's family-friendly policy. The lack of title and detailed content makes it uncertain whether the video contains any content related to the advertiser's hard unsafe categories or review categories. Therefore, a review decision is prudent given the weak evidence and potential sensitivity of comedic content."", ""risk_categories"": [""unknown_content""]}"
232,comedian,,https://www.youtube.com/watch?v=A6ihDeJ6l6g,Jen & Berry's Ice Cream,1002,Youtube,8263,718,review,medium,unknown_content,"The placement is on a YouTube channel with a comedian topic but lacks a clear title or detailed content information. The absence of title and content body creates uncertainty about potential presence of adult themes or sensitive material not suitable for a family-friendly food brand. Given the unknown content and the advertiser's sensitivity to adult themes and divisive content, a review classification is appropriate to ensure safety.",title;content body,"{""confidence"": ""medium"", ""decision"": ""review"", ""missing_evidence"": [""title"", ""content body""], ""rationale"": ""The placement is on a YouTube channel with a comedian topic but lacks a clear title or detailed content information. The absence of title and content body creates uncertainty about potential presence of adult themes or sensitive material not suitable for a family-friendly food brand. Given the unknown content and the advertiser's sensitivity to adult themes and divisive content, a review classification is appropriate to ensure safety."", ""risk_categories"": [""unknown_content""]}"
233,comedian,,https://www.youtube.com/watch?v=WLMgbV3uaz8,Moonbucks Coffee,1003,Youtube,1588,20,review,medium,unknown_content,"The placement lacks a title and full topic description, providing insufficient content details to firmly assess category risks. The channel is of comedian content type, which typically suggests neutral or general-interest content suitable for the advertiser, but the missing key information creates uncertainty. Given the advertiser's tolerance for neutral content and strict blocking of high-risk categories, the missing evidence leads to a conservative review decision rather than a safe classification.",title;topic,"{""confidence"": ""medium"", ""decision"": ""review"", ""missing_evidence"": [""title"", ""topic""], ""rationale"": ""The placement lacks a title and full topic description, providing insufficient content details to firmly assess category risks. The channel is of comedian content type, which typically suggests neutral or general-interest content suitable for the advertiser, but the missing key information creates uncertainty. Given the advertiser's tolerance for neutral content and strict blocking of high-risk categories, the missing evidence leads to a conservative review decision rather than a safe classification."", ""risk_categories"": [""unknown_content""]}"
234,comedian,,https://www.youtube.com/watch?v=B1pwyCl5ymE,Plush Cosmetics,1004,Youtube,5102,339,review,medium,unknown_content,"The placement is on a YouTube video categorized under 'comedian' topic with no title provided. While the channel type is suitable for general audiences, the lack of title and detailed content information creates uncertainty about the presence of any potentially sensitive material. Given the advertiser's sensitivity to harmful or controversial content and the missing evidence, a review is appropriate to ensure placement safety.",title;content_description,"{""confidence"": ""medium"", ""decision"": ""review"", ""missing_evidence"": [""title"", ""content_description""], ""rationale"": ""The placement is on a YouTube video categorized under 'comedian' topic with no title provided. While the channel type is suitable for general audiences, the lack of title and detailed content information creates uncertainty about the presence of any potentially sensitive material. Given the advertiser's sensitivity to harmful or controversial content and the missing evidence, a review is appropriate to ensure placement safety."", ""risk_categories"": [""unknown_content""]}"
235,comedian,,https://www.youtube.com/watch?v=SSoYw_5txdQ,Jet3 Holidays,1001,Youtube,2223,108,review,medium,unknown_content,"The placement is a YouTube video with an unknown or missing title and unclear content, identified only as 'comedian'. This lack of full information creates uncertainty about the suitability for a sensitive travel advertiser such as Jet3 Holidays, which has explicit restrictions around aviation incidents and transport disruptions. Therefore, a review classification is appropriate until more content details are available.",title;content description;detailed topic,"{""confidence"": ""medium"", ""decision"": ""review"", ""missing_evidence"": [""title"", ""content description"", ""detailed topic""], ""rationale"": ""The placement is a YouTube video with an unknown or missing title and unclear content, identified only as 'comedian'. This lack of full information creates uncertainty about the suitability for a sensitive travel advertiser such as Jet3 Holidays, which has explicit restrictions around aviation incidents and transport disruptions. Therefore, a review classification is appropriate until more content details are available."", ""risk_categories"": [""unknown_content""]}"
236,comedian,,https://www.youtube.com/watch?v=llGvsgN17CQ,Moonbucks Coffee,1003,Youtube,2390,74,review,medium,unknown_content,"The placement is on a YouTube video with the topic labeled only as 'comedian' and no title provided, limiting insight into the specific content, which introduces uncertainty about its appropriateness. Since the advertiser blocks universal high-risk content and tolerates neutral and general-interest content, but the evidence is insufficient to confirm safety, a review is prudent.",title;detailed content description;explicit content indicators,"{""confidence"": ""medium"", ""decision"": ""review"", ""missing_evidence"": [""title"", ""detailed content description"", ""explicit content indicators""], ""rationale"": ""The placement is on a YouTube video with the topic labeled only as 'comedian' and no title provided, limiting insight into the specific content, which introduces uncertainty about its appropriateness. Since the advertiser blocks universal high-risk content and tolerates neutral and general-interest content, but the evidence is insufficient to confirm safety, a review is prudent."", ""risk_categories"": [""unknown_content""]}"
237,comedian,,https://www.youtube.com/watch?v=UCc-e7tE-NM,Moonbucks Coffee,1003,Youtube,2770,174,review,medium,unknown_content;click_quality,"The placement is on a YouTube video with the topic 'comedian', but the title is missing and no content description is provided, leading to uncertainty about the exact content. Additionally, the video has a relatively high rate of invalid clicks (174 invalid out of 2770 total), which raises concerns about click quality. While there is no evidence of hard unsafe categories, the missing content details and click irregularities warrant a review.",title;video content description,"{""confidence"": ""medium"", ""decision"": ""review"", ""missing_evidence"": [""title"", ""video content description""], ""rationale"": ""The placement is on a YouTube video with the topic 'comedian', but the title is missing and no content description is provided, leading to uncertainty about the exact content. Additionally, the video has a relatively high rate of invalid clicks (174 invalid out of 2770 total), which raises concerns about click quality. While there is no evidence of hard unsafe categories, the missing content details and click irregularities warrant a review."", ""risk_categories"": [""unknown_content"", ""click_quality""]}"
238,comedian,,https://www.youtube.com/watch?v=BHqqGlGoIeo,Jet3 Holidays,1001,Youtube,7384,261,review,medium,unknown_content,"The placement is on a YouTube video with missing title and only a generic comedian topic provided. Given the advertiser's sensitivity to aviation incidents and other travel-related risks, and the uncertain content here due to lack of detailed info, a review decision is appropriate to ensure relevance and safety.",title;detailed topic or video description;content body,"{""confidence"": ""medium"", ""decision"": ""review"", ""missing_evidence"": [""title"", ""detailed topic or video description"", ""content body""], ""rationale"": ""The placement is on a YouTube video with missing title and only a generic comedian topic provided. Given the advertiser's sensitivity to aviation incidents and other travel-related risks, and the uncertain content here due to lack of detailed info, a review decision is appropriate to ensure relevance and safety."", ""risk_categories"": [""unknown_content""]}"
239,comedian,,https://www.youtube.com/watch?v=jyI0wRCPQpw,Jet3 Holidays,1001,Youtube,1945,74,review,medium,unknown_content,"The placement is on a YouTube channel for a comedian, which is generally not directly related to the advertiser's hard unsafe categories. However, the title and topic information is missing or labeled as 'nan', creating uncertainty about the content. Given this missing key information, and the advertiser's extra sensitivity to travel-adjacent incidents, a review decision is prudent to ensure no sensitive content such as aviation incidents or related topics are present.",title;topic,"{""confidence"": ""medium"", ""decision"": ""review"", ""missing_evidence"": [""title"", ""topic""], ""rationale"": ""The placement is on a YouTube channel for a comedian, which is generally not directly related to the advertiser's hard unsafe categories. However, the title and topic information is missing or labeled as 'nan', creating uncertainty about the content. Given this missing key information, and the advertiser's extra sensitivity to travel-adjacent incidents, a review decision is prudent to ensure no sensitive content such as aviation incidents or related topics are present."", ""risk_categories"": [""unknown_content""]}"
240,comedian,,https://www.youtube.com/watch?v=SHVdARnDR8M,Jet3 Holidays,1001,Youtube,4836,200,review,medium,click_quality;unknown_content,"The placement is a YouTube video with an unknown title and a topic labeled as 'comedian'. This does not directly indicate any of the advertiser's hard unsafe categories such as aviation incidents or war, but the lack of a clear title/topic and presence of invalid clicks (200 out of 4836) suggest uncertainty about content quality and relevance, warranting review due to click quality concerns and unknown content.",title;detailed_content_description;topic,"{""confidence"": ""medium"", ""decision"": ""review"", ""missing_evidence"": [""title"", ""detailed_content_description"", ""topic""], ""rationale"": ""The placement is a YouTube video with an unknown title and a topic labeled as 'comedian'. This does not directly indicate any of the advertiser's hard unsafe categories such as aviation incidents or war, but the lack of a clear title/topic and presence of invalid clicks (200 out of 4836) suggest uncertainty about content quality and relevance, warranting review due to click quality concerns and unknown content."", ""risk_categories"": [""click_quality"", ""unknown_content""]}"
241,Travel blog,,https://www.youtube.com/watch?v=yI32Ijk9Lbs,Jet3 Holidays,1001,Youtube,2390,74,review,medium,click_quality,"The placement is a travel blog on Youtube, which is generally relevant and appropriate for Jet3 Holidays. There are no indications of aviation incidents, war, or other hard unsafe categories. However, the title is missing, and there is a non-trivial number of invalid clicks (74 out of 2390), which raises concerns about click quality. Due to missing title info and moderate invalid clicks, the placement warrants review rather than a definitive safe judgment.",title,"{""confidence"": ""medium"", ""decision"": ""review"", ""missing_evidence"": [""title""], ""rationale"": ""The placement is a travel blog on Youtube, which is generally relevant and appropriate for Jet3 Holidays. There are no indications of aviation incidents, war, or other hard unsafe categories. However, the title is missing, and there is a non-trivial number of invalid clicks (74 out of 2390), which raises concerns about click quality. Due to missing title info and moderate invalid clicks, the placement warrants review rather than a definitive safe judgment."", ""risk_categories"": [""click_quality""]}"
242,Travel blog,,https://www.youtube.com/watch?v=z8UbYfEk_3U,Jet3 Holidays,1001,Youtube,2770,174,review,medium,unknown_content,"The placement is a travel blog video on YouTube, which aligns with the advertiser's sector. However, critical metadata such as the title and detailed content of the video is missing, creating uncertainty about the nature of the content. Given the advertiser's sensitivity to aviation incidents, transport disruptions, and related risks, and the possibility of content indirectly touching on these themes without clear evidence, the placement should be reviewed to ensure safety.",title;video transcript or content summary,"{""confidence"": ""medium"", ""decision"": ""review"", ""missing_evidence"": [""title"", ""video transcript or content summary""], ""rationale"": ""The placement is a travel blog video on YouTube, which aligns with the advertiser's sector. However, critical metadata such as the title and detailed content of the video is missing, creating uncertainty about the nature of the content. Given the advertiser's sensitivity to aviation incidents, transport disruptions, and related risks, and the possibility of content indirectly touching on these themes without clear evidence, the placement should be reviewed to ensure safety."", ""risk_categories"": [""unknown_content""]}"
243,Travel blog,,https://www.youtube.com/watch?v=N3kxGX2PL2w,Jet3 Holidays,1001,Youtube,7384,261,review,medium,click_quality,"The placement is a travel blog on YouTube, which generally aligns with the advertiser's category. However, the video lacks a title and has a relatively high ratio of invalid clicks (261 out of 7384), raising concerns about click quality. No evidence of hard unsafe categories is present, but the missing title and click irregularities introduce uncertainty requiring review.",title,"{""confidence"": ""medium"", ""decision"": ""review"", ""missing_evidence"": [""title""], ""rationale"": ""The placement is a travel blog on YouTube, which generally aligns with the advertiser's category. However, the video lacks a title and has a relatively high ratio of invalid clicks (261 out of 7384), raising concerns about click quality. No evidence of hard unsafe categories is present, but the missing title and click irregularities introduce uncertainty requiring review."", ""risk_categories"": [""click_quality""]}"
244,Travel blog,,https://www.youtube.com/watch?v=62HNX1fLqFw,Jet3 Holidays,1001,Youtube,2700,174,review,medium,click_quality,"The placement is a travel blog on YouTube, which aligns with the advertiser's travel focus. However, the title is missing, which creates some uncertainty about the content's appropriateness. Additionally, the invalid click rate (174 invalid clicks out of 2700 total clicks) may indicate potential click quality issues, which is a review category for this advertiser. No direct evidence of any hard unsafe categories is present, but due to the missing title and invalid click concerns, a review decision is warranted.",title,"{""confidence"": ""medium"", ""decision"": ""review"", ""missing_evidence"": [""title""], ""rationale"": ""The placement is a travel blog on YouTube, which aligns with the advertiser's travel focus. However, the title is missing, which creates some uncertainty about the content's appropriateness. Additionally, the invalid click rate (174 invalid clicks out of 2700 total clicks) may indicate potential click quality issues, which is a review category for this advertiser. No direct evidence of any hard unsafe categories is present, but due to the missing title and invalid click concerns, a review decision is warranted."", ""risk_categories"": [""click_quality""]}"
245,Travel blog,,https://www.youtube.com/watch?v=_9aUy56n-yI,Jet3 Holidays,1001,Youtube,17284,1260,review,medium,click_quality,"The placement is on a travel blog which is relevant to the advertiser. However, the title is missing (nan), and there are a significant number of invalid clicks (1260 out of 17284), raising concerns about click quality. Given the advertiser's sensitivity to travel-related issues and the evidence of invalid clicks, this placement warrants review.",title,"{""confidence"": ""medium"", ""decision"": ""review"", ""missing_evidence"": [""title""], ""rationale"": ""The placement is on a travel blog which is relevant to the advertiser. However, the title is missing (nan), and there are a significant number of invalid clicks (1260 out of 17284), raising concerns about click quality. Given the advertiser's sensitivity to travel-related issues and the evidence of invalid clicks, this placement warrants review."", ""risk_categories"": [""click_quality""]}"
246,Travel blog,,https://www.youtube.com/watch?v=ZijxdRhquR8,Jet3 Holidays,1001,Youtube,3841,383,review,medium,unknown_content,"The placement is on a YouTube travel blog which aligns with the travel advertiser's domain, but the video title is missing ('nan'), providing insufficient context to fully assess safety. Given the advertiser's sensitivity to aviation incidents, transport disruption, war, terrorism, and travel-adjacent disasters, lack of detailed content raises uncertainty that warrants review rather than an automatic safe classification.",title,"{""confidence"": ""medium"", ""decision"": ""review"", ""missing_evidence"": [""title""], ""rationale"": ""The placement is on a YouTube travel blog which aligns with the travel advertiser's domain, but the video title is missing ('nan'), providing insufficient context to fully assess safety. Given the advertiser's sensitivity to aviation incidents, transport disruption, war, terrorism, and travel-adjacent disasters, lack of detailed content raises uncertainty that warrants review rather than an automatic safe classification."", ""risk_categories"": [""unknown_content""]}"
247,Travel blog,,https://www.youtube.com/watch?v=UyF6UoaG_bQ,Jet3 Holidays,1001,Youtube,3347,16,review,medium,unknown_content,"The placement is a travel blog on YouTube, which generally aligns with the advertiser's travel focus and does not inherently pose risks related to the hard unsafe categories. However, the lack of a title and detailed topic information introduces uncertainty, as it is unclear whether the content might include sensitive topics such as aviation incidents or travel disruptions relevant to the advertiser's extra-sensitive concerns. Therefore, a cautious review decision is appropriate.",title;detailed topic description;content body,"{""confidence"": ""medium"", ""decision"": ""review"", ""missing_evidence"": [""title"", ""detailed topic description"", ""content body""], ""rationale"": ""The placement is a travel blog on YouTube, which generally aligns with the advertiser's travel focus and does not inherently pose risks related to the hard unsafe categories. However, the lack of a title and detailed topic information introduces uncertainty, as it is unclear whether the content might include sensitive topics such as aviation incidents or travel disruptions relevant to the advertiser's extra-sensitive concerns. Therefore, a cautious review decision is appropriate."", ""risk_categories"": [""unknown_content""]}"
248,Travel blog,,https://www.youtube.com/watch?v=obxSbQoTe_8,Jet3 Holidays,1001,Youtube,6121,19,review,medium,unknown_content,"The placement is a travel blog on YouTube, which aligns generally with the advertiser's domain. However, the lack of a title and detailed content description presents uncertainty about the specific content and possible sensitive issues related to aviation incidents, transport disruption, or conflict. Given the advertiser's sensitivity to aviation incidents, war, and related risks, and in absence of more detailed evidence, a review decision is prudent.",title;detailed topic or content description,"{""confidence"": ""medium"", ""decision"": ""review"", ""missing_evidence"": [""title"", ""detailed topic or content description""], ""rationale"": ""The placement is a travel blog on YouTube, which aligns generally with the advertiser's domain. However, the lack of a title and detailed content description presents uncertainty about the specific content and possible sensitive issues related to aviation incidents, transport disruption, or conflict. Given the advertiser's sensitivity to aviation incidents, war, and related risks, and in absence of more detailed evidence, a review decision is prudent."", ""risk_categories"": [""unknown_content""]}"
249,Travel blog,,https://www.youtube.com/watch?v=hs3hWO4ZBvo,Jet3 Holidays,1001,Youtube,8895,22,review,medium,unknown_content,"The placement is on a travel blog YouTube channel, which aligns with the advertiser's industry. However, the title is missing (nan), leading to uncertainty about the specific content. No direct evidence of hard unsafe categories was found, but the incomplete metadata creates some ambiguity regarding content sensitivity.",title;content_body,"{""confidence"": ""medium"", ""decision"": ""review"", ""missing_evidence"": [""title"", ""content_body""], ""rationale"": ""The placement is on a travel blog YouTube channel, which aligns with the advertiser's industry. However, the title is missing (nan), leading to uncertainty about the specific content. No direct evidence of hard unsafe categories was found, but the incomplete metadata creates some ambiguity regarding content sensitivity."", ""risk_categories"": [""unknown_content""]}"
250,Travel blog,,https://www.youtube.com/watch?v=SkY1DiyCqTU,Jet3 Holidays,1001,Youtube,11669,25,review,medium,unknown_content,"The placement is a travel blog on YouTube, which generally aligns with the advertiser's category. However, the title is missing (listed as nan), creating uncertainty about the specific content. There is no indication of hard unsafe categories like aviation incidents or war-related content from the provided evidence. Due to the missing title and lack of detailed content description, cautious review is recommended rather than assuming full safety.",title;detailed content description,"{""confidence"": ""medium"", ""decision"": ""review"", ""missing_evidence"": [""title"", ""detailed content description""], ""rationale"": ""The placement is a travel blog on YouTube, which generally aligns with the advertiser's category. However, the title is missing (listed as nan), creating uncertainty about the specific content. There is no indication of hard unsafe categories like aviation incidents or war-related content from the provided evidence. Due to the missing title and lack of detailed content description, cautious review is recommended rather than assuming full safety."", ""risk_categories"": [""unknown_content""]}"
