placement_id,company_name,topic,url,safety_decision,safety_confidence,risk_categories,matched_signals,safety_rationale,llm_safety_decision,llm_safety_confidence,llm_risk_categories,llm_safety_rationale,decision_match,rules_signal_explanations
1,Plush Cosmetics,Tabagism / quitting smoking,https://www.who.int/news/item/17-10-2025-world-no-tobacco-day-2026--unmasking-the-appeal---countering-nicotine-and-tobacco-addiction,unsafe,high,tobacco_or_nicotine,topic:smoking->tobacco_or_nicotine,Unsafe for Plush Cosmetics: detected tobacco_or_nicotine from enriched title/topic evidence. Signals: topic:smoking->tobacco_or_nicotine.,unsafe,high,tobacco_or_nicotine,"The placement URL and title indicate content directly related to tobacco and nicotine addiction, which matches the hard unsafe category tobacco_or_nicotine in Plush Cosmetics policy, making the placement unsafe.",True,"matched ""smoking"" in topic, triggering tobacco_or_nicotine"
2,Moonbucks Coffee,Tabagism / quitting smoking,https://www.gov.uk/government/news/quit-for-a-week-and-save-a-day-say-health-experts,review,high,politics;tobacco_or_nicotine,topic:smoking->tobacco_or_nicotine;url:government->politics,"Review for Moonbucks Coffee: detected politics, tobacco_or_nicotine from enriched title/topic evidence. Signals: topic:smoking->tobacco_or_nicotine; url:government->politics.",review,high,tobacco_or_nicotine,"The placement is about quitting smoking, which relates directly to tobacco or nicotine topics. The advertiser tolerates neutral news and general-interest content but tobacco or nicotine is a review category, hence this placement should be reviewed to ensure it aligns with advertiser preferences.",True,"matched ""smoking"" in topic, triggering tobacco_or_nicotine; matched ""government"" in url, triggering politics"
3,Jen & Berry's Ice Cream,Tabagism / quitting smoking,https://www.ucl.ac.uk/news/headlines/2025/dec/want-quit-smoking-2026-heres-all-help-you-need,unsafe,high,tobacco_or_nicotine,topic:smoking->tobacco_or_nicotine,Unsafe for Jen & Berry's Ice Cream: detected tobacco_or_nicotine from enriched title/topic evidence. Signals: topic:smoking->tobacco_or_nicotine.,review,high,tobacco_or_nicotine,"The placement is about quitting smoking, which involves tobacco/nicotine content. Although the topic may be positive (help to quit smoking), tobacco/nicotine-related content is a hard unsafe category for this family-friendly food brand. Due to the context being about quitting, this is a sensitive category warranting review rather than automatic unsafe decision.",False,"matched ""smoking"" in topic, triggering tobacco_or_nicotine"
4,Jet3 Holidays,Tabagism / quitting smoking,https://tobaccocontrol.bmj.com/content/tobaccocontrol/early/2025/07/23/tc-2025-059469.full.pdf,review,high,tobacco_or_nicotine,topic:smoking->tobacco_or_nicotine,Review for Jet3 Holidays: detected tobacco_or_nicotine from enriched title/topic evidence. Signals: topic:smoking->tobacco_or_nicotine.,review,high,tobacco_or_nicotine,"The placement content is about smoking cessation and related metrics, falling under tobacco or nicotine topics, which is a review category for Jet3 Holidays due to sensitivity concerns. There is no evidence of aviation incidents, war, or other hard unsafe categories, but the tobacco topic necessitates review.",True,"matched ""smoking"" in topic, triggering tobacco_or_nicotine"
5,Moonbucks Coffee,Tabagism / quitting smoking,https://www.bmj.com/content/392/bmj.r2625,review,high,tobacco_or_nicotine,topic:smoking->tobacco_or_nicotine,Review for Moonbucks Coffee: detected tobacco_or_nicotine from enriched title/topic evidence. Signals: topic:smoking->tobacco_or_nicotine.,review,high,tobacco_or_nicotine,"The placement is about smoking and vaping, which falls under the tobacco_or_nicotine category marked for review by the advertiser. Although the content is informational and neutral, the advertiser's policy requires review for such topics.",True,"matched ""smoking"" in topic, triggering tobacco_or_nicotine"
6,Moonbucks Coffee,Youth vaping / nicotine,https://www.gov.uk/government/news/10-year-study-to-shed-light-on-youth-vaping,review,high,politics;tobacco_or_nicotine,topic:nicotine->tobacco_or_nicotine;url:government->politics,"Review for Moonbucks Coffee: detected politics, tobacco_or_nicotine from enriched title/topic evidence. Signals: topic:nicotine->tobacco_or_nicotine; url:government->politics.",review,high,tobacco_or_nicotine;click_quality,"The placement is about youth vaping, which falls under the tobacco_or_nicotine review category for Moonbucks Coffee. Additionally, there is a significant number of invalid clicks (331 out of 5901), indicating potential quality concerns. Since the advertiser can tolerate neutral news but vaping is a sensitive topic, this placement should be reviewed.",True,"matched ""nicotine"" in topic, triggering tobacco_or_nicotine; matched ""government"" in url, triggering politics"
7,Plush Cosmetics,Youth vaping / nicotine,https://ash.org.uk/resources/view/use-of-e-cigarettes-among-young-people-in-great-britain,unsafe,high,tobacco_or_nicotine,topic:nicotine->tobacco_or_nicotine,Unsafe for Plush Cosmetics: detected tobacco_or_nicotine from enriched title/topic evidence. Signals: topic:nicotine->tobacco_or_nicotine.,unsafe,high,tobacco_or_nicotine,"The placement is about e-cigarettes (vapes) use among young people, which directly relates to tobacco or nicotine products. Plush Cosmetics' policy identifies tobacco or nicotine content as a hard unsafe category, making this placement unsafe for the advertiser.",True,"matched ""nicotine"" in topic, triggering tobacco_or_nicotine"
8,Moonbucks Coffee,Youth vaping / nicotine,https://truthinitiative.org/press/press-release/truth-initiative-report-finds-rapidly-evolving-nicotine-market-outpacing,review,high,click_quality;tobacco_or_nicotine,topic:nicotine->tobacco_or_nicotine;invalid_click_rate:8.2%->click_quality,"Review for Moonbucks Coffee: detected click_quality, tobacco_or_nicotine from enriched title/topic evidence. Signals: topic:nicotine->tobacco_or_nicotine; invalid_click_rate:8.2%->click_quality.",review,high,tobacco_or_nicotine,"The placement discusses youth vaping and nicotine, which falls under tobacco_or_nicotine, a review category for this advertiser. There is no evidence of hard unsafe categories, but the topic directly relates to a sensitive area requiring review according to advertiser policy.",True,"matched ""nicotine"" in topic, triggering tobacco_or_nicotine; invalid click rate 8.2% triggered click_quality"
9,Moonbucks Coffee,Youth vaping / nicotine,https://www.eppingforestdc.gov.uk/epping-forest-youth-council-publishes-report-on-youth-vaping/,review,high,tobacco_or_nicotine,topic:nicotine->tobacco_or_nicotine,Review for Moonbucks Coffee: detected tobacco_or_nicotine from enriched title/topic evidence. Signals: topic:nicotine->tobacco_or_nicotine.,review,high,tobacco_or_nicotine;click_quality,"The placement discusses youth vaping, which falls under the 'tobacco_or_nicotine' review category per the advertiser's policy. Additionally, there is a moderate number of invalid clicks (75 out of 2374), indicating some engagement quality concerns. The content is not in the hard unsafe categories but requires review due to policy sensitivity around tobacco-related topics and click quality.",True,"matched ""nicotine"" in topic, triggering tobacco_or_nicotine"
10,Jen & Berry's Ice Cream,Youth vaping / nicotine,https://www.who.int/publications/i/item/9789240094642,unsafe,high,click_quality;tobacco_or_nicotine,topic:nicotine->tobacco_or_nicotine;invalid_click_rate:8.9%->click_quality,"Unsafe for Jen & Berry's Ice Cream: detected click_quality, tobacco_or_nicotine from enriched title/topic evidence. Signals: topic:nicotine->tobacco_or_nicotine; invalid_click_rate:8.9%->click_quality.",unsafe,high,tobacco_or_nicotine,"The placement URL and topic clearly involve tobacco industry and youth nicotine use (vaping), which falls under the advertiser's hard unsafe category 'tobacco_or_nicotine' and conflicts with the family-friendly food brand policy sensitive to tobacco or nicotine content.",True,"matched ""nicotine"" in topic, triggering tobacco_or_nicotine; invalid click rate 8.9% triggered click_quality"
11,Moonbucks Coffee,Tobacco marketing / industry tactics,https://www.tobaccotactics.org/article/tobacco-industry-targeting-young-people/,review,high,tobacco_or_nicotine,topic:tobacco->tobacco_or_nicotine,Review for Moonbucks Coffee: detected tobacco_or_nicotine from enriched title/topic evidence. Signals: topic:tobacco->tobacco_or_nicotine.,review,high,tobacco_or_nicotine,"The placement is about tobacco industry tactics targeting young people, which falls directly under the review category 'tobacco_or_nicotine' defined by the advertiser's policy. Although the advertiser tolerates neutral content, this topic is sensitive and requires review according to the policy.",True,"matched ""tobacco"" in topic, triggering tobacco_or_nicotine"
12,Jen & Berry's Ice Cream,Tobacco marketing / industry tactics,https://worldmetrics.org/marketing-in-the-tobacco-industry-statistics/,unsafe,high,click_quality;tobacco_or_nicotine,topic:tobacco->tobacco_or_nicotine;invalid_click_rate:9.8%->click_quality,"Unsafe for Jen & Berry's Ice Cream: detected click_quality, tobacco_or_nicotine from enriched title/topic evidence. Signals: topic:tobacco->tobacco_or_nicotine; invalid_click_rate:9.8%->click_quality.",unsafe,high,tobacco_or_nicotine,"The placement URL and title clearly indicate content related to tobacco marketing and industry tactics, which directly falls under the hard unsafe category tobacco_or_nicotine for this family-friendly food brand. Despite the channel being shopping, the focus on tobacco marketing makes it incompatible with the advertiser's policy.",True,"matched ""tobacco"" in topic, triggering tobacco_or_nicotine; invalid click rate 9.8% triggered click_quality"
13,Plush Cosmetics,Tobacco marketing / industry tactics,https://yactmovement.org/wp-content/uploads/2025/09/Tobacco-industry-Youth-Desk-Research-RK-002.pdf,unsafe,high,tobacco_or_nicotine,topic:tobacco->tobacco_or_nicotine,Unsafe for Plush Cosmetics: detected tobacco_or_nicotine from enriched title/topic evidence. Signals: topic:tobacco->tobacco_or_nicotine.,unsafe,high,tobacco_or_nicotine,"The placement is directly associated with tobacco industry and youth, a topic sensitive and explicitly prohibited by the advertiser's policy which lists tobacco or nicotine as a hard unsafe category. Therefore, this placement is unsafe for Plush Cosmetics.",True,"matched ""tobacco"" in topic, triggering tobacco_or_nicotine"
14,Jen & Berry's Ice Cream,Tobacco marketing / industry tactics,https://www.who.int/news/item/17-10-2025-world-no-tobacco-day-2026--unmasking-the-appeal---countering-nicotine-and-tobacco-addiction,unsafe,high,tobacco_or_nicotine,topic:tobacco->tobacco_or_nicotine,Unsafe for Jen & Berry's Ice Cream: detected tobacco_or_nicotine from enriched title/topic evidence. Signals: topic:tobacco->tobacco_or_nicotine.,unsafe,high,tobacco_or_nicotine,"The placement is about 'World No Tobacco Day 2026' and discusses tobacco marketing and countering nicotine and tobacco addiction. Since tobacco_or_nicotine is a hard unsafe category for this advertiser, this placement is unsafe despite the negative stance on tobacco.",True,"matched ""tobacco"" in topic, triggering tobacco_or_nicotine"
15,Moonbucks Coffee,Tobacco marketing / industry tactics,https://www.gov.uk/government/news/quit-for-a-week-and-save-a-day-say-health-experts,review,high,politics;tobacco_or_nicotine,topic:tobacco->tobacco_or_nicotine;url:government->politics,"Review for Moonbucks Coffee: detected politics, tobacco_or_nicotine from enriched title/topic evidence. Signals: topic:tobacco->tobacco_or_nicotine; url:government->politics.",review,high,tobacco_or_nicotine,"The placement is about tobacco marketing and cessation efforts, placing it in the tobacco_or_nicotine review category according to the advertiser's policy. Since Moonbucks Coffee tolerates neutral and general-interest content but tobacco-related content is explicitly a review category, this placement should be marked for review rather than safe or unsafe.",True,"matched ""tobacco"" in topic, triggering tobacco_or_nicotine; matched ""government"" in url, triggering politics"
16,Moonbucks Coffee,Alt-right propaganda (analysis),https://gnet-research.org/2025/01/28/ai-tools-and-the-alt-right-a-double-edged-sword-for-p-cve/,unsafe,high,click_quality;hate_or_alt_right;propaganda_or_disinformation,topic:alt-right->hate_or_alt_right;topic:propaganda->propaganda_or_disinformation;invalid_click_rate:9.6%->click_quality,"Unsafe for Moonbucks Coffee: detected click_quality, hate_or_alt_right, propaganda_or_disinformation from enriched title/topic evidence. Signals: topic:alt-right->hate_or_alt_right; topic:propaganda->propaganda_or_disinformation; invalid_click_rate:9.6%->click_quality.",review,high,hate_or_alt_right;propaganda_or_disinformation,"The placement is an article about Alt-right propaganda, which falls under the advertiser's hard unsafe categories of hate_or_alt_right and propaganda_or_disinformation. However, the content is analytical and published on a shopping channel, possibly for educational or neutral analysis purposes. Because the advertiser can tolerate more neutral news and general-interest content but strictly blocks universal high-risk content, this placement is sensitive and warrants review to confirm context before deeming safe or unsafe.",False,"matched ""alt-right"" in topic, triggering hate_or_alt_right; matched ""propaganda"" in topic, triggering propaganda_or_disinformation; invalid click rate 9.6% triggered click_quality"
17,Jet3 Holidays,Alt-right propaganda (analysis),https://gnet-research.org/,unsafe,high,extremism;hate_or_alt_right;propaganda_or_disinformation,title:extremism->extremism;topic:alt-right->hate_or_alt_right;topic:propaganda->propaganda_or_disinformation,"Unsafe for Jet3 Holidays: detected extremism, hate_or_alt_right, propaganda_or_disinformation from enriched title/topic evidence. Signals: title:extremism->extremism; topic:alt-right->hate_or_alt_right; topic:propaganda->propaganda_or_disinformation.",unsafe,high,propaganda_or_disinformation;extremism,"The placement is on a site dedicated to alt-right propaganda analysis, which directly conflicts with the advertiser's hard unsafe categories including extremism and propaganda_or_disinformation, making this placement unsafe.",True,"matched ""extremism"" in title, triggering extremism; matched ""alt-right"" in topic, triggering hate_or_alt_right; matched ""propaganda"" in topic, triggering propaganda_or_disinformation"
18,Moonbucks Coffee,Alt-right propaganda (analysis),https://disa.org/extremist-disinformation-networks-and-narratives-during-crises-a-gnet-analysis/,unsafe,high,extremism;hate_or_alt_right;propaganda_or_disinformation,title:extremist->extremism;topic:alt-right->hate_or_alt_right;topic:propaganda->propaganda_or_disinformation,"Unsafe for Moonbucks Coffee: detected extremism, hate_or_alt_right, propaganda_or_disinformation from enriched title/topic evidence. Signals: title:extremist->extremism; topic:alt-right->hate_or_alt_right; topic:propaganda->propaganda_or_disinformation.",unsafe,high,propaganda_or_disinformation;hate_or_alt_right;extremism,"The placement is on a page explicitly about alt-right propaganda and extremist disinformation, which are listed as hard unsafe categories by the advertiser's policy. This content clearly violates the advertiser's content restrictions for being high-risk and extremist in nature.",True,"matched ""extremist"" in title, triggering extremism; matched ""alt-right"" in topic, triggering hate_or_alt_right; matched ""propaganda"" in topic, triggering propaganda_or_disinformation"
19,Jen & Berry's Ice Cream,Alt-right propaganda (analysis),https://www.rsis.edu.sg/ctta-newsarticle/global-far-right-extremist-exploitation-of-artificial-intelligence-and-alt-tech-the-cases-of-the-uk-us-australia-and-new-zealand/,unsafe,high,click_quality;extremism;hate_or_alt_right;propaganda_or_disinformation,title:extremist->extremism;topic:alt-right->hate_or_alt_right;topic:propaganda->propaganda_or_disinformation;invalid_click_rate:8.3%->click_quality,"Unsafe for Jen & Berry's Ice Cream: detected click_quality, extremism, hate_or_alt_right, propaganda_or_disinformation from enriched title/topic evidence. Signals: title:extremist->extremism; topic:alt-right->hate_or_alt_right; topic:propaganda->propaganda_or_disinformation; invalid_click_rate:8.3%->click_quality.",unsafe,high,extremism;propaganda_or_disinformation,"The placement is an article explicitly discussing global far-right extremist exploitation of AI and alt-tech, which aligns with the 'extremism' and 'propaganda_or_disinformation' risk categories. Given Jen & Berry's Ice Cream's policy and hard unsafe category for extremism, this placement is unsafe for the advertiser.",True,"matched ""extremist"" in title, triggering extremism; matched ""alt-right"" in topic, triggering hate_or_alt_right; matched ""propaganda"" in topic, triggering propaganda_or_disinformation; invalid click rate 8.3% triggered click_quality"
20,Plush Cosmetics,Alt-right propaganda (analysis),https://www.frontiersin.org/journals/political-science/articles/10.3389/fpos.2025.1718396/full,unsafe,high,click_quality;extremism;hate_or_alt_right;propaganda_or_disinformation;war_or_conflict,title:terror->war_or_conflict;title:radicalisation->extremism;topic:alt-right->hate_or_alt_right;topic:propaganda->propaganda_or_disinformation;invalid_click_rate:8.9%->click_quality,"Unsafe for Plush Cosmetics: detected click_quality, extremism, hate_or_alt_right, propaganda_or_disinformation, war_or_conflict from enriched title/topic evidence. Signals: title:terror->war_or_conflict; title:radicalisation->extremism; topic:alt-right->hate_or_alt_right; topic:propaganda->propaganda_or_disinformation; invalid_click_rate:8.9%->click_quality.",unsafe,high,propaganda_or_disinformation;extremism;hate_or_alt_right,"The placement topic explicitly relates to alt-right propaganda and terrorist propaganda, which falls under forbidden categories of extremism, hate or alt-right, and propaganda or disinformation according to the advertiser's hard unsafe categories. Therefore, it is not safe for Plush Cosmetics to place ads here.",True,"matched ""terror"" in title, triggering war_or_conflict; matched ""radicalisation"" in title, triggering extremism; matched ""alt-right"" in topic, triggering hate_or_alt_right; matched ""propaganda"" in topic, triggering propaganda_or_disinformation; invalid click rate 8.9% triggered click_quality"
21,Plush Cosmetics,Propaganda & disinformation (research),https://academic.oup.com/pnasnexus/article/4/4/pgaf083/8097936,unsafe,high,hate_or_alt_right;propaganda_or_disinformation,topic:propaganda->hate_or_alt_right;topic:propaganda->propaganda_or_disinformation,"Unsafe for Plush Cosmetics: detected hate_or_alt_right, propaganda_or_disinformation from enriched title/topic evidence. Signals: topic:propaganda->hate_or_alt_right; topic:propaganda->propaganda_or_disinformation.",unsafe,high,propaganda_or_disinformation,"The placement is on a page explicitly focused on propaganda and disinformation, which is listed as a hard unsafe category for the advertiser Plush Cosmetics. Despite the content being research-focused, the direct association with propaganda and disinformation violates the advertiser's safety policy.",True,"matched ""propaganda"" in topic, triggering hate_or_alt_right; matched ""propaganda"" in topic, triggering propaganda_or_disinformation"
22,Moonbucks Coffee,Propaganda & disinformation (research),https://www.rand.org/pubs/research_briefs/RBA3450-2.html,unsafe,high,hate_or_alt_right;propaganda_or_disinformation;war_or_conflict,title:war->war_or_conflict;topic:propaganda->hate_or_alt_right;topic:propaganda->propaganda_or_disinformation,"Unsafe for Moonbucks Coffee: detected hate_or_alt_right, propaganda_or_disinformation, war_or_conflict from enriched title/topic evidence. Signals: title:war->war_or_conflict; topic:propaganda->hate_or_alt_right; topic:propaganda->propaganda_or_disinformation.",unsafe,high,propaganda_or_disinformation,"The placement URL and topic explicitly concern propaganda and disinformation related to the Russia-Ukraine war, which matches a hard unsafe category for the advertiser. Despite being research, the advertiser's policy blocks universal high-risk content including propaganda or disinformation. Therefore, this placement is unsafe for Moonbucks Coffee.",True,"matched ""war"" in title, triggering war_or_conflict; matched ""propaganda"" in topic, triggering hate_or_alt_right; matched ""propaganda"" in topic, triggering propaganda_or_disinformation"
23,Jet3 Holidays,Propaganda & disinformation (research),https://www.jstor.org/stable/48778662,unsafe,high,click_quality;extremism;hate_or_alt_right;propaganda_or_disinformation,title:extremist->extremism;topic:propaganda->hate_or_alt_right;topic:propaganda->propaganda_or_disinformation;invalid_click_rate:8.9%->click_quality,"Unsafe for Jet3 Holidays: detected click_quality, extremism, hate_or_alt_right, propaganda_or_disinformation from enriched title/topic evidence. Signals: title:extremist->extremism; topic:propaganda->hate_or_alt_right; topic:propaganda->propaganda_or_disinformation; invalid_click_rate:8.9%->click_quality.",unsafe,high,propaganda_or_disinformation,"The placement is linked to a topic classified as propaganda and disinformation, which is a hard unsafe category for this travel advertiser sensitive to extremist and conflict-related content. The title explicitly references far-right extremist exploitation, indicating relevance to propaganda or disinformation risks. Therefore, the placement is unsafe for Jet3 Holidays under the policy guidelines.",True,"matched ""extremist"" in title, triggering extremism; matched ""propaganda"" in topic, triggering hate_or_alt_right; matched ""propaganda"" in topic, triggering propaganda_or_disinformation; invalid click rate 8.9% triggered click_quality"
24,Plush Cosmetics,Propaganda & disinformation (research),https://www.rusi.org/explore-our-research/publications/reports-papers-and-briefings,unsafe,high,hate_or_alt_right;propaganda_or_disinformation,topic:propaganda->hate_or_alt_right;topic:propaganda->propaganda_or_disinformation,"Unsafe for Plush Cosmetics: detected hate_or_alt_right, propaganda_or_disinformation from enriched title/topic evidence. Signals: topic:propaganda->hate_or_alt_right; topic:propaganda->propaganda_or_disinformation.",review,high,propaganda_or_disinformation,"The placement is on a URL whose topic is explicitly identified as 'Propaganda & disinformation (research),' a hard unsafe category for Plush Cosmetics. Although the content is research-oriented and not direct extremist or propagandistic messaging, the presence of propaganda or disinformation as the main topical classification triggers the hard unsafe category. Given the advertiser's policy to avoid propaganda or disinformation, the placement is not safe. However, because the page appears to be a research publication rather than direct content, a conservative review decision is appropriate.",False,"matched ""propaganda"" in topic, triggering hate_or_alt_right; matched ""propaganda"" in topic, triggering propaganda_or_disinformation"
25,Jet3 Holidays,Propaganda & disinformation (research),https://disa.org/extremist-disinformation-networks-and-narratives-during-crises-a-gnet-analysis/,unsafe,high,extremism;hate_or_alt_right;propaganda_or_disinformation,title:extremist->extremism;topic:propaganda->hate_or_alt_right;topic:propaganda->propaganda_or_disinformation,"Unsafe for Jet3 Holidays: detected extremism, hate_or_alt_right, propaganda_or_disinformation from enriched title/topic evidence. Signals: title:extremist->extremism; topic:propaganda->hate_or_alt_right; topic:propaganda->propaganda_or_disinformation.",review,high,propaganda_or_disinformation,"The placement is on a page about extremist disinformation networks and narratives, directly related to propaganda or disinformation, which is a hard unsafe category for this advertiser. However, the content appears to be research-oriented and analytical rather than promotional or extremist itself. Given the advertiser's sensitivity to propaganda or disinformation, this is a high-risk placement that should be reviewed rather than immediately deemed safe or unsafe.",False,"matched ""extremist"" in title, triggering extremism; matched ""propaganda"" in topic, triggering hate_or_alt_right; matched ""propaganda"" in topic, triggering propaganda_or_disinformation"
26,Moonbucks Coffee,Immigration (UK asylum),https://www.gov.uk/government/publications/asylum-and-returns-policy-statement/restoring-order-and-control-a-statement-on-the-governments-asylum-and-returns-policy,review,high,immigration;politics,title:policy->politics;topic:immigration->immigration,"Review for Moonbucks Coffee: detected immigration, politics from enriched title/topic evidence. Signals: title:policy->politics; topic:immigration->immigration.",review,high,immigration,"The page discusses immigration policy, specifically asylum and returns policy, which falls under the advertiser's review category 'immigration.' Given the sensitivity of immigration topics for Moonbucks Coffee, and that the page is a government policy statement on asylum, placing ads here requires review to ensure alignment with advertiser preferences.",True,"matched ""policy"" in title, triggering politics; matched ""immigration"" in topic, triggering immigration"
27,Jen & Berry's Ice Cream,Immigration (UK asylum),https://committees.parliament.uk/work/9508/an-analysis-of-the-asylum-system/,review,high,immigration,topic:immigration->immigration,Review for Jen & Berry's Ice Cream: detected immigration from enriched title/topic evidence. Signals: topic:immigration->immigration.,review,high,immigration,"The placement is about 'An analysis of the asylum system' with a clear topic of immigration, which is a review category per the advertiser's policy. Although immigration is not a hard unsafe category, it is sensitive and flagged for review to ensure content aligns with the family-friendly brand values. There is no evidence of direct adult themes, tobacco, extremism, or other hard unsafe content.",True,"matched ""immigration"" in topic, triggering immigration"
28,Moonbucks Coffee,Immigration (UK asylum),https://www.nao.org.uk/wp-content/uploads/2025/12/an-analysis-of-the-asylum-system-summary.pdf,review,high,immigration,topic:immigration->immigration,Review for Moonbucks Coffee: detected immigration from enriched title/topic evidence. Signals: topic:immigration->immigration.,review,high,immigration,"The placement is about immigration, specifically asylum system analysis, which falls under the review category listed by the advertiser's policy. Since Moonbucks Coffee tolerates neutral news and general-interest content but requires review for immigration topics, this placement should be reviewed for suitability.",True,"matched ""immigration"" in topic, triggering immigration"
29,Jet3 Holidays,Immigration (UK asylum),https://www.theguardian.com/world/2026/mar/02/shabana-mahmood-refugee-status-change-may-undermine-legal-obligations-law-society,review,high,immigration,topic:immigration->immigration,Review for Jet3 Holidays: detected immigration from enriched title/topic evidence. Signals: topic:immigration->immigration.,review,high,immigration,"The placement URL and title indicate content related to immigration and asylum, directly relating to the travel-adjacent sensitive topic of refugee status and asylum law. The advertiser Jet3 Holidays is extra-sensitive to immigration issues, which are explicitly listed as a review category. No hard unsafe categories are present, but given the sensitivity and direct relevance to immigration, the placement requires review before deemed safe.",True,"matched ""immigration"" in topic, triggering immigration"
30,Jen & Berry's Ice Cream,Immigration (UK asylum),https://www.theguardian.com/uk-news/2026/mar/03/skilled-workers-settled-status-in-uk-snatched-away,review,high,immigration,topic:immigration->immigration,Review for Jen & Berry's Ice Cream: detected immigration from enriched title/topic evidence. Signals: topic:immigration->immigration.,review,high,immigration,"The placement is on an article discussing UK immigration and asylum issues. Immigration is a sensitive topic flagged under review categories for this advertiser, which is family-friendly and avoids divisive political content. There is no evidence of direct extremism or other hard unsafe content, but the topic requires further contextual review to ensure alignment with brand safety policies.",True,"matched ""immigration"" in topic, triggering immigration"
31,Jet3 Holidays,Immigration (UK policy & practice),https://www.hilldickinson.com/our-view/articles/immigration-spotlight-2026/,review,high,immigration;politics,topic:policy->politics;topic:immigration->immigration,"Review for Jet3 Holidays: detected immigration, politics from enriched title/topic evidence. Signals: topic:policy->politics; topic:immigration->immigration.",review,high,immigration,"The placement is related to UK immigration policy, which is categorized as a 'review' risk for this advertiser. There is no evidence of hard unsafe categories such as aviation incidents or war. The content may be sensitive to the advertiser due to its immigration topic, and thus is appropriate for review rather than safe or unsafe.",True,"matched ""policy"" in topic, triggering politics; matched ""immigration"" in topic, triggering immigration"
32,Jet3 Holidays,Immigration (UK policy & practice),https://assets.publishing.service.gov.uk/media/691ae05b493305b49ce6e845/Restoring_Order_and_Control_-_A_statement_on_the_Government_s_asylum_and_returns_policy_final.pdf,review,high,immigration;politics,topic:policy->politics;topic:immigration->immigration,"Review for Jet3 Holidays: detected immigration, politics from enriched title/topic evidence. Signals: topic:policy->politics; topic:immigration->immigration.",review,high,immigration,"The placement content is related to immigration policy, which is marked as a review category for this travel advertiser. There is no evidence of hard unsafe categories such as aviation incidents or war-related content. Given the sensitive nature of immigration topics for this advertiser, review is appropriate despite the absence of direct policy violation.",True,"matched ""policy"" in topic, triggering politics; matched ""immigration"" in topic, triggering immigration"
33,Jet3 Holidays,Immigration (UK policy & practice),https://axis.lawyer/ilr-uk-news-key-immigration-changes-for-2026/,review,high,immigration;politics,topic:policy->politics;topic:immigration->immigration,"Review for Jet3 Holidays: detected immigration, politics from enriched title/topic evidence. Signals: topic:policy->politics; topic:immigration->immigration.",review,high,immigration,"The placement is on a page clearly identified as discussing immigration policy changes, which falls under the 'review' category for this travel advertiser due to sensitivity around immigration-related content. The content does not indicate any hard unsafe categories such as aviation incidents or war. Therefore, a review decision is prudent to ensure alignment with advertiser policy.",True,"matched ""policy"" in topic, triggering politics; matched ""immigration"" in topic, triggering immigration"
34,Plush Cosmetics,Immigration (UK policy & practice),https://www.thetimes.com/uk/politics/article/kemi-badenoch-integration-equality-law-2l3thbkr6,review,high,immigration;politics,topic:policy->politics;topic:immigration->immigration,"Review for Plush Cosmetics: detected immigration, politics from enriched title/topic evidence. Signals: topic:policy->politics; topic:immigration->immigration.",review,high,immigration,"The placement relates to immigration policy, which is a review category for this advertiser. While there are no direct indications of harmful wellbeing, extremist, sexual, or other hard unsafe content, immigration content is flagged for review due to potential sensitivity and controversy.",True,"matched ""policy"" in topic, triggering politics; matched ""immigration"" in topic, triggering immigration"
35,Plush Cosmetics,Immigration (UK policy & practice),https://www.theguardian.com/uk-news/2026/mar/03/skilled-workers-settled-status-in-uk-snatched-away,review,high,immigration;politics,topic:policy->politics;topic:immigration->immigration,"Review for Plush Cosmetics: detected immigration, politics from enriched title/topic evidence. Signals: topic:policy->politics; topic:immigration->immigration.",review,high,immigration,"The placement is on an article about immigration policies, which is a review category for this advertiser due to its potential sensitivity and controversy around immigration topics. There is no evidence of explicit sexual content, extremism, or other hard unsafe categories. Given the topic falls under a review category, the placement should be reviewed to ensure appropriateness for the advertiser's sensitive wellbeing policies.",True,"matched ""policy"" in topic, triggering politics; matched ""immigration"" in topic, triggering immigration"
36,Jen & Berry's Ice Cream,Immigration (US policy),https://www.brookings.edu/articles/what-will-2026-bring-for-us-migration-policy/,review,high,click_quality;immigration;politics,topic:policy->politics;topic:immigration->immigration;invalid_click_rate:8.6%->click_quality,"Review for Jen & Berry's Ice Cream: detected click_quality, immigration, politics from enriched title/topic evidence. Signals: topic:policy->politics; topic:immigration->immigration; invalid_click_rate:8.6%->click_quality.",review,high,immigration,"The ad placement is on a page discussing US migration policy, which falls under the 'immigration' topic classified as a review category by the advertiser. Given the sensitivity around immigration topics and the advertiser's policy to review such content, this placement requires further review before approval.",True,"matched ""policy"" in topic, triggering politics; matched ""immigration"" in topic, triggering immigration; invalid click rate 8.6% triggered click_quality"
37,Plush Cosmetics,Immigration (US policy),https://www.pewresearch.org/politics/2026/01/29/how-americans-view-key-trump-administration-immigration-policies/,review,high,immigration;politics,topic:policy->politics;topic:immigration->immigration,"Review for Plush Cosmetics: detected immigration, politics from enriched title/topic evidence. Signals: topic:policy->politics; topic:immigration->immigration.",review,high,immigration,"The placement is on a page discussing US immigration policies, which falls under the review category 'immigration'. There is no explicit harmful or sensitive content specified, but given the sensitivity of immigration topics, a review is appropriate.",True,"matched ""policy"" in topic, triggering politics; matched ""immigration"" in topic, triggering immigration"
38,Jen & Berry's Ice Cream,Immigration (US policy),https://www.chron.com/news/article/austin-shooting-chip-roy-21951254.php,review,high,immigration;politics,topic:policy->politics;topic:immigration->immigration,"Review for Jen & Berry's Ice Cream: detected immigration, politics from enriched title/topic evidence. Signals: topic:policy->politics; topic:immigration->immigration.",review,high,immigration,"The placement URL and title relate to a sensitive and possibly divisive immigration topic, which aligns with the review category 'immigration' for the advertiser. Since the content might be sensitive or politically divisive, it warrants review but is not automatically unsafe. There are no indications of hard unsafe categories such as tobacco, weapons, or extremism.",True,"matched ""policy"" in topic, triggering politics; matched ""immigration"" in topic, triggering immigration"
39,Jet3 Holidays,Immigration (US policy),https://cis.org/,review,high,click_quality;immigration;politics,topic:policy->politics;topic:immigration->immigration;invalid_click_rate:8.0%->click_quality,"Review for Jet3 Holidays: detected click_quality, immigration, politics from enriched title/topic evidence. Signals: topic:policy->politics; topic:immigration->immigration; invalid_click_rate:8.0%->click_quality.",review,high,immigration,"The placement is on a site focused on immigration policy, which falls under a review category for this advertiser. Although there is no direct evidence of hate speech or disinformation, the sensitive nature of immigration content warrants review to ensure alignment with advertiser policies.",True,"matched ""policy"" in topic, triggering politics; matched ""immigration"" in topic, triggering immigration; invalid click rate 8.0% triggered click_quality"
40,Jet3 Holidays,Immigration (US policy),https://www.brookings.edu/articles/what-will-2026-bring-for-us-migration-policy/,review,high,immigration;politics,topic:policy->politics;topic:immigration->immigration,"Review for Jet3 Holidays: detected immigration, politics from enriched title/topic evidence. Signals: topic:policy->politics; topic:immigration->immigration.",review,high,immigration,"The placement article is specifically about US migration policy, which falls within the advertiser's review category of immigration. There is no evidence of hard unsafe categories such as aviation incidents or conflict, but immigration content is sensitive and requires review according to policy.",True,"matched ""policy"" in topic, triggering politics; matched ""immigration"" in topic, triggering immigration"
41,Jen & Berry's Ice Cream,Flight disasters (investigations),https://www.ntsb.gov/investigations/AccidentReports/Pages/Reports.aspx,review,high,aviation_incident,topic:flight disaster->aviation_incident,Review for Jen & Berry's Ice Cream: detected aviation_incident from enriched title/topic evidence. Signals: topic:flight disaster->aviation_incident.,review,high,war_or_conflict,"The placement URL and title indicate content related to accident investigations, specifically flight disasters. Such content may involve sensitive topics related to accidents and possibly loss of life, which can be distressing and may not align with a family-friendly brand image. Although it does not fall into any hard unsafe categories, the seriousness and potentially graphic nature of accident reports warrant a review for suitability.",True,"matched ""flight disaster"" in topic, triggering aviation_incident"
42,Plush Cosmetics,Flight disasters (investigations),https://www.ntsb.gov/Pages/AviationQueryv2.aspx,review,high,aviation_incident,topic:flight disaster->aviation_incident,Review for Plush Cosmetics: detected aviation_incident from enriched title/topic evidence. Signals: topic:flight disaster->aviation_incident.,review,medium,aviation_incident,"The placement content involves aviation incident investigations, which is a review category for this advertiser. While it is not directly harmful or explicit, the topic of flight disasters could raise sensitive concerns and thus warrants review rather than being considered fully safe.",True,"matched ""flight disaster"" in topic, triggering aviation_incident"
43,Jet3 Holidays,Flight disasters (investigations),https://www.gov.uk/aaib-reports,unsafe,high,aviation_incident;click_quality,topic:flight disaster->aviation_incident;invalid_click_rate:9.0%->click_quality,"Unsafe for Jet3 Holidays: detected aviation_incident, click_quality from enriched title/topic evidence. Signals: topic:flight disaster->aviation_incident; invalid_click_rate:9.0%->click_quality.",unsafe,high,aviation_incident,"The placement URL and topic directly relate to aviation incidents and flight disasters, which are considered a hard unsafe category for this advertiser that is extra-sensitive to aviation incidents. Therefore, the placement is unsafe.",True,"matched ""flight disaster"" in topic, triggering aviation_incident; invalid click rate 9.0% triggered click_quality"
44,Moonbucks Coffee,Flight disasters (investigations),https://www.gov.uk/government/publications/aaib-current-field-investigations/air-accidents-investigation-branch-current-field-investigations,review,high,aviation_incident;politics,topic:flight disaster->aviation_incident;url:government->politics,"Review for Moonbucks Coffee: detected aviation_incident, politics from enriched title/topic evidence. Signals: topic:flight disaster->aviation_incident; url:government->politics.",review,high,aviation_incident,"The placement URL and title indicate content about ongoing investigations into flight disasters, which falls under the aviation_incident category. This is a review category per the advertiser's policy, making the placement potentially sensitive but not outright unsafe. Given the nature of the content and the advertiser's tolerance for neutral news but need to review aviation incidents, this placement should be flagged for review with high confidence.",True,"matched ""flight disaster"" in topic, triggering aviation_incident; matched ""government"" in url, triggering politics"
45,Moonbucks Coffee,Flight disasters (investigations),https://aaib.gov.in/,review,high,aviation_incident,topic:flight disaster->aviation_incident,Review for Moonbucks Coffee: detected aviation_incident from enriched title/topic evidence. Signals: topic:flight disaster->aviation_incident.,review,high,aviation_incident,"The placement relates to flight disasters and investigations, which falls under the aviation_incident review category for the advertiser. Although the content is not explicitly unsafe, the sensitive nature requires review according to the advertiser's policy.",True,"matched ""flight disaster"" in topic, triggering aviation_incident"
46,Plush Cosmetics,Flight disasters (databases),https://aviation-safety.net/,review,high,aviation_incident,topic:flight disaster->aviation_incident,Review for Plush Cosmetics: detected aviation_incident from enriched title/topic evidence. Signals: topic:flight disaster->aviation_incident.,review,high,aviation_incident,"The placement is for a website focused on aviation safety and flight disasters, which falls under the 'aviation_incident' category listed as a review category for Plush Cosmetics. There is no evidence of explicit unsafe content; however, due to the sensitive nature of the content (disasters), a review decision is appropriate per policy guidelines.",True,"matched ""flight disaster"" in topic, triggering aviation_incident"
47,Jen & Berry's Ice Cream,Flight disasters (databases),https://aviation-safety.net/investigation/,review,high,aviation_incident;click_quality,topic:flight disaster->aviation_incident;invalid_click_rate:9.0%->click_quality,"Review for Jen & Berry's Ice Cream: detected aviation_incident, click_quality from enriched title/topic evidence. Signals: topic:flight disaster->aviation_incident; invalid_click_rate:9.0%->click_quality.",review,medium,unknown_content;war_or_conflict,"The placement is on a site about aviation accident investigations, which may contain sensitive or potentially distressing content related to disasters and conflicts. Although the advertiser avoids adult, tobacco, weapons, and extremist content, the topic might still present some sensitivity. There is no evidence of direct unsafe content such as tobacco or extremism, but the nature of disasters can overlap with war/conflict topics, placing it in review.",True,"matched ""flight disaster"" in topic, triggering aviation_incident; invalid click rate 9.0% triggered click_quality"
48,Moonbucks Coffee,Flight disasters (databases),https://www.gov.uk/government/organisations/air-accidents-investigation-branch,review,high,aviation_incident;politics,topic:flight disaster->aviation_incident;url:government->politics,"Review for Moonbucks Coffee: detected aviation_incident, politics from enriched title/topic evidence. Signals: topic:flight disaster->aviation_incident; url:government->politics.",review,high,aviation_incident,"The page relates to flight disasters and air accident investigations, which falls under the 'aviation_incident' category that requires review for Moonbucks Coffee. There is no evidence of any hard unsafe content categories, but due to the sensitive nature of the topic, review is prudent per policy.",True,"matched ""flight disaster"" in topic, triggering aviation_incident; matched ""government"" in url, triggering politics"
49,Jet3 Holidays,Flight disasters (databases),https://assets.publishing.service.gov.uk/media/695e2ec58ab0677c14afdfac/AAIB_Bulletin_1-2026.pdf,unsafe,high,aviation_incident,topic:flight disaster->aviation_incident,Unsafe for Jet3 Holidays: detected aviation_incident from enriched title/topic evidence. Signals: topic:flight disaster->aviation_incident.,unsafe,high,aviation_incident,"The placement links to a government bulletin specifically on air accidents investigations, representing aviation incident content which is a hard unsafe category for Jet3 Holidays. Given the advertiser's extra sensitivity to aviation incidents and the direct relevance of the content, this placement is unsafe.",True,"matched ""flight disaster"" in topic, triggering aviation_incident"
50,Jet3 Holidays,Flight disasters (databases),https://www.ntsb.gov/investigations/Pages/DCA25MA108.aspx,unsafe,high,aviation_incident,topic:flight disaster->aviation_incident,Unsafe for Jet3 Holidays: detected aviation_incident from enriched title/topic evidence. Signals: topic:flight disaster->aviation_incident.,unsafe,high,aviation_incident,"The placement URL and title indicate content about a specific flight disaster investigation by the NTSB, which falls squarely within the advertiser's hard unsafe category of aviation incidents. Given the advertiser's sensitivity to aviation incidents due to their travel focus, this placement is deemed unsafe for Jet3 Holidays.",True,"matched ""flight disaster"" in topic, triggering aviation_incident"
51,Moonbucks Coffee,Flight incidents / near-misses,https://www.thesun.ie/travel/16589097/ryanair-flight-cork-avoids-crash-plane-spain/,review,high,aviation_incident,topic:near-miss->aviation_incident,Review for Moonbucks Coffee: detected aviation_incident from enriched title/topic evidence. Signals: topic:near-miss->aviation_incident.,review,high,aviation_incident,"The placement is about a Ryanair flight narrowly avoiding a crash, which falls under the aviation_incident category. Since Moonbucks Coffee's policy marks aviation incidents as review content, this placement should be reviewed to ensure appropriateness despite it not being outright unsafe. There is sufficient title and topic evidence to categorize it as aviation_incident.",True,"matched ""near-miss"" in topic, triggering aviation_incident"
52,Jet3 Holidays,Flight incidents / near-misses,https://www.newindianexpress.com/nation/2026/Feb/27/aaib-misses-one-month-deadline-for-releasing-baramati-air-crash-preliminary-report,unsafe,high,aviation_incident,topic:near-miss->aviation_incident,Unsafe for Jet3 Holidays: detected aviation_incident from enriched title/topic evidence. Signals: topic:near-miss->aviation_incident.,unsafe,high,aviation_incident,"The placement content relates directly to a flight incident, specifically a crash preliminary report, which falls under the advertiser's hard unsafe category of aviation_incident. Due to this direct association with an aviation incident, it is considered unsafe for the Jet3 Holidays advertiser.",True,"matched ""near-miss"" in topic, triggering aviation_incident"
53,Jen & Berry's Ice Cream,Flight incidents / near-misses,https://timesofindia.indiatimes.com/india/preliminary-report-into-baramati-crash-out-low-visibility-operational-gaps-cited/articleshow/128886790.cms,review,high,aviation_incident,topic:near-miss->aviation_incident,Review for Jen & Berry's Ice Cream: detected aviation_incident from enriched title/topic evidence. Signals: topic:near-miss->aviation_incident.,safe,high,,"The placement is on a news article reporting a flight incident related to operational gaps and low visibility. This content does not include any references to tobacco/nicotine, adult themes, extremism, weapons, or divisive political content. The article is informative in nature and does not conflict with the advertiser's family-friendly policy.",False,"matched ""near-miss"" in topic, triggering aviation_incident"
54,Plush Cosmetics,Flight incidents / near-misses,https://apnews.com/article/fa0fc75d46823eb2dd39f815de2d021f,review,high,aviation_incident,topic:near-miss->aviation_incident,Review for Plush Cosmetics: detected aviation_incident from enriched title/topic evidence. Signals: topic:near-miss->aviation_incident.,review,high,aviation_incident;war_or_conflict,"The placement is related to a Turkish Air Force F-16 crash resulting in a pilot's death, which involves an aviation incident and potentially war or conflict content. While the content is not explicitly related to the ad's unsafe categories, the tragic and sensitive nature of the aviation incident suggests caution. Therefore, review is appropriate for this placement given the advertiser's sensitivity to controversial and violent content.",True,"matched ""near-miss"" in topic, triggering aviation_incident"
55,Plush Cosmetics,Flight incidents / near-misses,https://www.gov.uk/aaib-reports,review,high,aviation_incident,topic:near-miss->aviation_incident,Review for Plush Cosmetics: detected aviation_incident from enriched title/topic evidence. Signals: topic:near-miss->aviation_incident.,review,high,aviation_incident,"The placement URL and topic relate to flight incidents and near-misses, categorized as aviation incidents which is a review category for this advertiser. There is no evidence of hard unsafe content, but the nature of the content requires caution and review per policy.",True,"matched ""near-miss"" in topic, triggering aviation_incident"
56,Moonbucks Coffee,Sport competitions (calendar),https://www.topendsports.com/events/calendar-2026.htm,safe,low,,,Safe for Moonbucks Coffee: no configured high-risk signals were detected from enriched title/topic evidence.,safe,high,,"The placement is a sporting event calendar, which does not belong to any hard unsafe or review categories. The content is neutral and appropriate for a broad-reach coffee brand such as Moonbucks Coffee.",True,
57,Plush Cosmetics,Sport competitions (calendar),https://content.sport-social.co.uk/blog/2026-sporting-calendar-major-sports-events,safe,low,,,Safe for Plush Cosmetics: no configured high-risk signals were detected from enriched title/topic evidence.,safe,high,,"The placement URL leads to a page about sporting events calendars, a topic unrelated to any disallowed or sensitive categories for Plush Cosmetics, such as harmful wellbeing content, political extremism, tobacco, or explicit sexual content. The page topic and title indicate a safe environment for a beauty and cosmetics advertiser.",True,
58,Jet3 Holidays,Sport competitions (calendar),https://www.sportscoverdirect.com/scd-blog/sports-events-calendar-2026/,safe,low,,,Safe for Jet3 Holidays: no configured high-risk signals were detected from enriched title/topic evidence.,safe,high,,"The placement is on a sports events calendar page related to sports competitions, which is unrelated to the advertiser's hard unsafe categories such as aviation incidents, war, terrorism, or related sensitive issues. The channel type is shopping but this does not introduce any risk for the given advertiser. There is no evidence of unsafe content based on the provided information.",True,
59,Plush Cosmetics,Sport competitions (calendar),https://www.visitbritain.org/news-and-media/destination-news-and-inspiration/looking-ahead-britains-sporting-highlights-2026,safe,low,,,Safe for Plush Cosmetics: no configured high-risk signals were detected from enriched title/topic evidence.,safe,high,,"The placement is on a page about Britain's sporting highlights in 2026, which is a neutral topic unrelated to any of the advertiser's hard unsafe or review categories. The page content is appropriate for a beauty and cosmetics advertiser with no indication of sensitive or harmful content.",True,
60,Jet3 Holidays,Sport competitions (calendar),https://www.espn.com/pll/story/_/id/48033101/2026-pll-wll-championship-series-lacrosse-sixes-top-players-teams-schedule,safe,low,,,Safe for Jet3 Holidays: no configured high-risk signals were detected from enriched title/topic evidence.,safe,high,,"The placement content is about a sports competition schedule with no indication or evidence of any aviation incidents, transport disruptions, war, terrorism, or related sensitive travel issues. There are no signs of any unsafe categories such as extremism, hate, propaganda, or weapons. Therefore, this placement is considered safe for the travel advertiser Jet3 Holidays.",True,
61,Moonbucks Coffee,Sport competitions (news),https://www.gaslampball.com/san-diego-padres-news/54107/world-baseball-classic-is-here,safe,low,,,Safe for Moonbucks Coffee: no configured high-risk signals were detected from enriched title/topic evidence.,safe,high,,"The placement is about a sports event (World Baseball Classic), which is generally neutral and suitable for a broad-reach coffee brand like Moonbucks Coffee. There is no evidence of any high-risk or review category content in the page information provided.",True,
62,Jen & Berry's Ice Cream,Sport competitions (news),https://timesofindia.indiatimes.com/sports/mlb/news/team-usa-sets-its-best-starting-pitchers-with-cy-young-winners-leading-the-way-for-world-baseball-classic-opener/articleshow/128957698.cms,safe,low,,,Safe for Jen & Berry's Ice Cream: no configured high-risk signals were detected from enriched title/topic evidence.,safe,high,,"The placement is on a sports news article about Team USA's starting pitchers, which is family-friendly and unrelated to any hard unsafe categories such as tobacco, extremism, or adult content. There is no indication of sensitive topics relevant to the advertiser's prohibitions.",True,
63,Jen & Berry's Ice Cream,Sport competitions (news),https://www.barcablaugranes.com/barcelona-copa-del-rey/114048/barcelona-atletico-madrid-copa-del-rey-team-news-preview-lineups-score-prediction,safe,low,,,Safe for Jen & Berry's Ice Cream: no configured high-risk signals were detected from enriched title/topic evidence.,safe,high,,"The placement is a sports news article about a football match preview, which aligns with family-friendly content and does not touch on any unsafe or review categories such as tobacco, adult content, extremism, or politics.",True,
64,Plush Cosmetics,Sport competitions (news),https://timesofindia.indiatimes.com/sports/international-sports/iga-swiatek-returns-to-indian-wells-2026-with-a-chance-to-make-history-as-the-first-woman-to-win-the-title-three-times/articleshow/128971466.cms,safe,low,,,Safe for Plush Cosmetics: no configured high-risk signals were detected from enriched title/topic evidence.,safe,high,,"The ad placement is on a news article about a sports event, which does not involve any hard unsafe or review categories according to the advertiser's policy. The content is sports-related and safe for a beauty and cosmetics advertiser.",True,
65,Jet3 Holidays,Sport competitions (news),https://talksport.com/darts/4019764/luke-littler-nominated-award-lando-norris-rory-mcilroy/,unsafe,high,war_or_conflict,title:war->war_or_conflict,Unsafe for Jet3 Holidays: detected war_or_conflict from enriched title/topic evidence. Signals: title:war->war_or_conflict.,safe,high,,"The placement is on a sports news page about a darts player nominated for an award, which does not relate to any hard unsafe categories for the travel advertiser. There is no evidence of aviation incidents, extremism, war, or other disallowed content. The channel type is shopping, which is neutral in this context. There is no evidence warranting a review based on the advertiser's sensitive categories.",False,"matched ""war"" in title, triggering war_or_conflict"
66,Jen & Berry's Ice Cream,World Baseball Classic 2026,https://www.mlb.com/world-baseball-classic,review,medium,click_quality,invalid_click_rate:8.2%->click_quality,Review for Jen & Berry's Ice Cream: detected click_quality from enriched title/topic evidence. Signals: invalid_click_rate:8.2%->click_quality.,safe,high,,"The placement is on the official MLB World Baseball Classic page, which is a family-friendly sports site with no indications of inappropriate content related to tobacco, adult themes, extremism, or other disallowed categories for this advertiser.",False,invalid click rate 8.2% triggered click_quality
67,Moonbucks Coffee,World Baseball Classic 2026,https://www.espn.com/world-baseball-classic/schedule,safe,low,,,Safe for Moonbucks Coffee: no configured high-risk signals were detected from enriched title/topic evidence.,safe,high,,"The placement is on a page about the World Baseball Classic schedule, a sports topic with no indication of any unsafe or sensitive content related to the advertiser's hard unsafe or review categories. The content is general interest and neutral, consistent with the advertiser's tolerance for neutral general-interest content.",True,
68,Jet3 Holidays,World Baseball Classic 2026,https://www.wbsc.org/en/news/world-baseball-classic-2026-groups-and-schedule-announced,review,medium,click_quality,invalid_click_rate:8.0%->click_quality,Review for Jet3 Holidays: detected click_quality from enriched title/topic evidence. Signals: invalid_click_rate:8.0%->click_quality.,safe,high,,"The placement is about the World Baseball Classic 2026 group and schedule, a sports topic unrelated to the advertiser's sensitive categories such as aviation incidents, transport disruption, war, terrorism, or travel-adjacent disasters. There is no evidence of unsafe content in the placement.",False,invalid click rate 8.0% triggered click_quality
69,Jet3 Holidays,World Baseball Classic 2026,https://sports.yahoo.com/mlb/article/world-baseball-classic-2026-schedule-bracket-format-rosters-and-how-to-watch-the-international-baseball-tournament-202329851.html,safe,low,,,Safe for Jet3 Holidays: no configured high-risk signals were detected from enriched title/topic evidence.,safe,high,,"The placement is on a sports-related article about the World Baseball Classic 2026 with no indication of any aviation incidents, transport disruptions, war, terrorism, or other sensitive content relevant to the advertiser's policies. The content is unrelated to the hard unsafe categories and no sensitive themes are detected.",True,
70,Jen & Berry's Ice Cream,World Baseball Classic 2026,https://www.gaslampball.com/san-diego-padres-news/54107/world-baseball-classic-is-here,review,medium,click_quality,invalid_click_rate:8.7%->click_quality,Review for Jen & Berry's Ice Cream: detected click_quality from enriched title/topic evidence. Signals: invalid_click_rate:8.7%->click_quality.,safe,high,,"The placement is on a webpage about the World Baseball Classic, a sports event, with no indication of content related to tobacco, adult themes, extremism, weapons, or divisive political content. The advertiser's policy concerns are not triggered by the evidence provided.",False,invalid click rate 8.7% triggered click_quality
71,Plush Cosmetics,Travel blogs (2026 destinations),https://www.flyingcarpet.travel/blog/featured/travel-hidden-gems-to-visit-in-2026/,safe,low,,,Safe for Plush Cosmetics: no configured high-risk signals were detected from enriched title/topic evidence.,safe,high,,"The placement is on a travel blog discussing hidden travel destinations, which is unrelated to any restricted or sensitive categories like extremism, tobacco, sexual content, or political content. The content appears suitable and safe for a beauty and cosmetics advertiser.",True,
72,Moonbucks Coffee,Travel blogs (2026 destinations),https://www.haystravel.co.uk/blog/hidden-travel-gems-for-2026-2027-unmissable-adventures-off-the-beaten-path/,review,medium,click_quality,invalid_click_rate:8.4%->click_quality,Review for Moonbucks Coffee: detected click_quality from enriched title/topic evidence. Signals: invalid_click_rate:8.4%->click_quality.,safe,high,,"The placement is a travel blog about destinations for 2026-2027, which is general-interest content consistent with the advertiser's policy tolerating neutral news and general interest topics. There are no indications of any hard unsafe categories or review categories in the channel type or content.",False,invalid click rate 8.4% triggered click_quality
73,Jet3 Holidays,Travel blogs (2026 destinations),https://www.notjusttravel.com/blog/inspiration/destination-dupes-2026-26-hidden-gems-you-need-to-visit,safe,low,,,Safe for Jet3 Holidays: no configured high-risk signals were detected from enriched title/topic evidence.,safe,high,,"The placement is a travel blog focusing on hidden travel destinations in 2026, which aligns with travel advertiser interests and does not involve any hard unsafe categories such as aviation incidents or war. The content is appropriate and relevant, with no indication of unsafe or sensitive content according to the supplied evidence.",True,
74,Moonbucks Coffee,Travel blogs (2026 destinations),https://nicolestravels.com/hidden-gem-travel-destinations-2026/,safe,low,,,Safe for Moonbucks Coffee: no configured high-risk signals were detected from enriched title/topic evidence.,safe,high,,"The placement is a travel blog article about hidden gem destinations for 2026, which is general-interest and neutral content appropriate for a broad-reach coffee brand. There is no indication of any unsafe or review category content such as explicit sexual content, extremism, hate speech, or other flagged categories.",True,
75,Plush Cosmetics,Travel blogs (2026 destinations),https://www.jamiewaketravel.co.uk/the-best-underrated-destinations-for-2026,safe,low,,,Safe for Plush Cosmetics: no configured high-risk signals were detected from enriched title/topic evidence.,safe,high,,"The placement is a travel blog about underrated destinations in 2026, which does not relate to any hard unsafe or review categories specified for Plush Cosmetics. There is no indication of harmful wellbeing, controversial political, extremist, tobacco, sexual, or violent content in the evidence provided.",True,
76,Jen & Berry's Ice Cream,Social media (trends 2026),https://blog.hootsuite.com/social-media-trends/,safe,low,,,Safe for Jen & Berry's Ice Cream: no configured high-risk signals were detected from enriched title/topic evidence.,safe,high,,"The placement URL and title indicate content about social media trends, which is unrelated to any hard unsafe categories like tobacco, adult themes, extremism, weapons, or divisive political content. The channel type is shopping but does not by itself indicate risk. There is no indication of sensitive content against the advertiser's policy.",True,
77,Moonbucks Coffee,Social media (trends 2026),https://www.forbes.com/councils/forbescommunicationscouncil/2026/01/02/the-next-social-wave-the-top-6-predictions-that-will-shape-social-media-strategies-in-2026/,safe,low,,,Safe for Moonbucks Coffee: no configured high-risk signals were detected from enriched title/topic evidence.,safe,high,,"The placement is on a Forbes article discussing social media trends, which is neutral general-interest content. It does not fall into any hard unsafe or review categories relevant to the advertiser's policy, making it suitable for advertisement.",True,
78,Plush Cosmetics,Social media (trends 2026),https://meetedgar.com/blog/social-media-trends-2026-the-ins-and-outs,safe,low,,,Safe for Plush Cosmetics: no configured high-risk signals were detected from enriched title/topic evidence.,safe,high,,"The placement is on a search channel with content titled '14 Social Media Trends for 2026: The In's and Outs' and the topic is social media trends, which does not intersect with any hard unsafe or review categories relevant to Plush Cosmetics policy. There is no indication of harmful, controversial, or sensitive content.",True,
79,Jen & Berry's Ice Cream,Social media (trends 2026),https://www.adobe.com/express/learn/blog/2026-social-media-trends,safe,low,,,Safe for Jen & Berry's Ice Cream: no configured high-risk signals were detected from enriched title/topic evidence.,safe,high,,"The placement on a page about social media trends in 2026 appears to be neutral and family-friendly without any indication of content related to tobacco, adult themes, extremism, weapons, or divisive political subjects. The topic and title are clear and relevant, posing no apparent risk categories specified by the advertiser.",True,
80,Jen & Berry's Ice Cream,Social media (trends 2026),https://wearesocial.com/uk/blog/2025/10/digital-2026-global-overview-report/,safe,low,,,Safe for Jen & Berry's Ice Cream: no configured high-risk signals were detected from enriched title/topic evidence.,safe,high,,"The placement URL and title indicate content about social media trends and a global overview report, which is unrelated to any of the advertiser's hard unsafe categories such as tobacco, extremism, or adult content. There is no evidence of policy-violating content in the provided metadata. The content appears appropriate and family-friendly relevant to the advertiser.",True,
81,Plush Cosmetics,K-pop (2026 comebacks),https://www.gq.com/story/bts-begins-again-gq-cover-story-march-2026-interview,safe,low,,,Safe for Plush Cosmetics: no configured high-risk signals were detected from enriched title/topic evidence.,safe,high,,"The placement is an interview article related to K-pop, specifically about BTS, which does not involve any of the advertiser's hard unsafe categories or review categories. The content is about entertainment and music, aligning well with the beauty and cosmetics advertiser's acceptable content domains.",True,
82,Plush Cosmetics,K-pop (2026 comebacks),https://thebeat.asia/vibe/celebs-influencers/2026-kpop-comebacks,safe,low,,,Safe for Plush Cosmetics: no configured high-risk signals were detected from enriched title/topic evidence.,safe,high,,"The placement content is about K-pop comebacks in 2026, which is related to music and entertainment and does not fall under any hard unsafe or review categories relevant to the advertiser Plush Cosmetics. There is no indication of sensitive, harmful, or controversial content based on the provided title and topic.",True,
83,Jet3 Holidays,K-pop (2026 comebacks),https://kpopnewswire.com/major-k-pop-comebacks-in-2026-bts-blackpink-exo-bigbang-jisoo-and-more/,safe,low,,,Safe for Jet3 Holidays: no configured high-risk signals were detected from enriched title/topic evidence.,safe,high,,"The placement is about K-pop music comebacks in 2026, which is unrelated to the advertiser's extra-sensitive categories such as aviation incidents, war, terrorism, or transport disruption. There is no evidence of unsafe or review categories within the content. Therefore, this placement is safe for Jet3 Holidays.",True,
84,Jen & Berry's Ice Cream,K-pop (2026 comebacks),https://kpopofficial.com/kpop-comebacks/,safe,low,,,Safe for Jen & Berry's Ice Cream: no configured high-risk signals were detected from enriched title/topic evidence.,safe,high,,"The placement URL and title indicate content related to K-pop comebacks in 2026, which is family-friendly entertainment content. There is no evidence of tobacco, adult themes, extremism, weapons, or divisive political content that would conflict with the advertiser's hard unsafe categories.",True,
85,Plush Cosmetics,K-pop (2026 comebacks),https://kpoparts.com/kpop-comeback-schedule/,safe,low,,,Safe for Plush Cosmetics: no configured high-risk signals were detected from enriched title/topic evidence.,safe,high,,"The content is focused on K-pop comebacks scheduled for 2026, which falls under entertainment and music topics with no indication of any harmful or sensitive content related to the advertiser's hard unsafe or review categories. The channel type is shopping but this is likely related to K-pop merchandise rather than any sensitive content. There is no evidence of explicit sexual content, extremism, hate speech, tobacco, or other unsafe categories. Therefore, this placement is safe for Plush Cosmetics.",True,
86,Jet3 Holidays,K-pop (artist news),https://timesofindia.indiatimes.com/entertainment/k-pop/music/news/bts-partners-with-netflix-for-historic-global-arirang-comeback-live-show-everything-you-need-to-know/articleshow/128773938.cms,safe,low,,,Safe for Jet3 Holidays: no configured high-risk signals were detected from enriched title/topic evidence.,safe,high,,"The placement is about a K-pop music event, unrelated to travel or any of the advertiser's hard unsafe categories such as aviation incidents, war, or terrorism. There is no content indication of risk categories. Thus, the placement is safe for Jet3 Holidays.",True,
87,Jen & Berry's Ice Cream,K-pop (artist news),https://people.com/blackpink-better-together-deadline-mini-album-11915789,safe,low,,,Safe for Jen & Berry's Ice Cream: no configured high-risk signals were detected from enriched title/topic evidence.,safe,high,,"The placement URL and title indicate content related to K-pop artist news, specifically about BLACKPINK's new mini-album. There is no indication of any topics related to tobacco, adult themes, extremism, weapons, or divisive political content. This aligns well with the advertiser's family-friendly food brand policy. No categories requiring review or unsafe categorization are evident from the provided information.",True,
88,Jet3 Holidays,K-pop (artist news),https://www.allkpop.com/article/2026/02/bts-reunites-for-gq-march-2026-cover-opens-up-about-comeback-pressure-and-new-album,safe,low,,,Safe for Jet3 Holidays: no configured high-risk signals were detected from enriched title/topic evidence.,safe,high,,"The placement content is about K-pop artist BTS and their comeback pressure, which does not relate to travel risks such as aviation incidents, transport disruption, war, terrorism, or other hazardous topics specified in the advertiser's policy. No unsafe or review category topics are present.",True,
89,Moonbucks Coffee,K-pop (artist news),https://explorekoreanow.com/kpop-comebacks-in-2026/,safe,low,,,Safe for Moonbucks Coffee: no configured high-risk signals were detected from enriched title/topic evidence.,safe,high,,"The placement is about K-pop comebacks scheduled for 2026, which is general entertainment content with no indication of any hard unsafe or review categories as per the advertiser policy. The topic and title do not suggest any blocked high-risk content, making it suitable for Moonbucks Coffee.",True,
90,Moonbucks Coffee,K-pop (artist news),https://melonbeat.com/2026-k-pop-comeback-schedule-bts-exo-blackpink/,safe,low,,,Safe for Moonbucks Coffee: no configured high-risk signals were detected from enriched title/topic evidence.,safe,high,,"The placement is about K-pop artist news on a shopping channel, unrelated to any high-risk or review categories specified by the advertiser's policy. No unsafe or sensitive content indicated.",True,
91,Moonbucks Coffee,Online content moderation (extremism),https://gnet-research.org/2025/01/28/ai-tools-and-the-alt-right-a-double-edged-sword-for-p-cve/,unsafe,high,extremism;hate_or_alt_right,topic:extremism->extremism;title:alt-right->hate_or_alt_right,"Unsafe for Moonbucks Coffee: detected extremism, hate_or_alt_right from enriched title/topic evidence. Signals: topic:extremism->extremism; title:alt-right->hate_or_alt_right.",unsafe,high,extremism,"The placement is on a page discussing extremism, specifically related to the alt-right, which is categorized as a hard unsafe category for Moonbucks Coffee. Given the advertiser blocks universal high-risk content including extremism, this placement is unsafe.",True,"matched ""extremism"" in topic, triggering extremism; matched ""alt-right"" in title, triggering hate_or_alt_right"
92,Jet3 Holidays,Online content moderation (extremism),https://www.frontiersin.org/journals/political-science/articles/10.3389/fpos.2025.1718396/full,unsafe,high,click_quality;extremism;hate_or_alt_right;propaganda_or_disinformation;war_or_conflict,title:terror->war_or_conflict;topic:extremism->extremism;title:propaganda->hate_or_alt_right;title:propaganda->propaganda_or_disinformation;invalid_click_rate:8.0%->click_quality,"Unsafe for Jet3 Holidays: detected click_quality, extremism, hate_or_alt_right, propaganda_or_disinformation, war_or_conflict from enriched title/topic evidence. Signals: title:terror->war_or_conflict; topic:extremism->extremism; title:propaganda->hate_or_alt_right; title:propaganda->propaganda_or_disinformation; invalid_click_rate:8.0%->click_quality.",unsafe,high,extremism;propaganda_or_disinformation,"The placement is on a page about the role of AI in radicalisation, recruitment, and terrorist propaganda, which directly relates to extremism and propaganda, two hard unsafe categories for the advertiser Jet3 Holidays. Despite the channel being shopping, the content topic makes it unsafe for this travel advertiser given their policy sensitivity to extremism and related content.",True,"matched ""terror"" in title, triggering war_or_conflict; matched ""extremism"" in topic, triggering extremism; matched ""propaganda"" in title, triggering hate_or_alt_right; matched ""propaganda"" in title, triggering propaganda_or_disinformation; invalid click rate 8.0% triggered click_quality"
93,Plush Cosmetics,Online content moderation (extremism),https://www.rsis.edu.sg/ctta-newsarticle/global-far-right-extremist-exploitation-of-artificial-intelligence-and-alt-tech-the-cases-of-the-uk-us-australia-and-new-zealand/,unsafe,high,extremism,topic:extremism->extremism,Unsafe for Plush Cosmetics: detected extremism from enriched title/topic evidence. Signals: topic:extremism->extremism.,unsafe,high,extremism,"The placement title and topic explicitly reference far-right extremism, which falls under the hard unsafe category for this advertiser. Therefore, the placement is unsafe despite the content seemingly being about moderation of extremist content.",True,"matched ""extremism"" in topic, triggering extremism"
94,Jen & Berry's Ice Cream,Online content moderation (extremism),https://disa.org/extremist-disinformation-networks-and-narratives-during-crises-a-gnet-analysis/,unsafe,high,click_quality;extremism;propaganda_or_disinformation,topic:extremism->extremism;title:disinformation->propaganda_or_disinformation;invalid_click_rate:8.8%->click_quality,"Unsafe for Jen & Berry's Ice Cream: detected click_quality, extremism, propaganda_or_disinformation from enriched title/topic evidence. Signals: topic:extremism->extremism; title:disinformation->propaganda_or_disinformation; invalid_click_rate:8.8%->click_quality.",unsafe,high,extremism,"The placement URL and title indicate content related to extremist disinformation networks, which falls directly under the 'extremism' category. Extremism is listed as a hard unsafe category for this advertiser, making the placement unsafe.",True,"matched ""extremism"" in topic, triggering extremism; matched ""disinformation"" in title, triggering propaganda_or_disinformation; invalid click rate 8.8% triggered click_quality"
95,Jet3 Holidays,Online content moderation (extremism),https://gnet-research.org/,unsafe,high,extremism,topic:extremism->extremism,Unsafe for Jet3 Holidays: detected extremism from enriched title/topic evidence. Signals: topic:extremism->extremism.,review,high,extremism,"The placement is on a site focused on extremism (GNET – Global Network on Extremism and Technology), which falls under the advertiser's hard unsafe categories. However, since the site aims at research and moderation of extremism rather than promoting it, the placement is sensitive but not clearly unsafe. Given the advertiser's sensitivity to extremism-related content, a review decision is appropriate to ensure brand safety.",False,"matched ""extremism"" in topic, triggering extremism"
96,Jen & Berry's Ice Cream,Aviation safety explainers,https://resq.com/why-do-airplanes-crash/,review,high,aviation_incident,topic:aviation safety->aviation_incident,Review for Jen & Berry's Ice Cream: detected aviation_incident from enriched title/topic evidence. Signals: topic:aviation safety->aviation_incident.,safe,high,,"The placement is on a page titled 'Why Do Airplanes Crash? Main Causes, Recent Trends, and Safety Lessons (RESQ)' focused on aviation safety explaining causes and safety lessons. This content is informational and does not relate to any hard unsafe categories such as tobacco, adult themes, extremism, weapons, or divisive political content. The channel type is Shopping, which is unrelated but does not introduce risk. No signals suggest any policy conflict.",False,"matched ""aviation safety"" in topic, triggering aviation_incident"
97,Plush Cosmetics,Aviation safety explainers,https://interestingengineering.com/transportation/why-modern-planes-still-crash,review,high,aviation_incident,topic:aviation safety->aviation_incident,Review for Plush Cosmetics: detected aviation_incident from enriched title/topic evidence. Signals: topic:aviation safety->aviation_incident.,review,high,aviation_incident,"The placement content discusses modern plane crashes and aviation safety, which falls under the 'aviation_incident' review category. Given Plush Cosmetics' sensitivity to controversial topics and wellness-related content, a review is warranted to confirm this placement aligns with brand safety requirements.",True,"matched ""aviation safety"" in topic, triggering aviation_incident"
98,Moonbucks Coffee,Aviation safety explainers,https://www.ntsb.gov/investigations/AccidentReports/Pages/Reports.aspx,review,high,aviation_incident,topic:aviation safety->aviation_incident,Review for Moonbucks Coffee: detected aviation_incident from enriched title/topic evidence. Signals: topic:aviation safety->aviation_incident.,review,high,aviation_incident,"The placement is on a page related to NTSB investigation reports focusing on aviation safety, which falls under 'aviation_incident' review category. Given that the advertiser Moonbucks Coffee allows neutral news but blocks high-risk content, and this category is flagged for review per policy, the decision is to review the placement for suitability.",True,"matched ""aviation safety"" in topic, triggering aviation_incident"
99,Jen & Berry's Ice Cream,Aviation safety explainers,https://aviation-safety.net/investigation/,review,high,aviation_incident,topic:aviation safety->aviation_incident,Review for Jen & Berry's Ice Cream: detected aviation_incident from enriched title/topic evidence. Signals: topic:aviation safety->aviation_incident.,safe,high,,"The placement URL and title relate to aviation safety investigation reports, which is an informative and neutral subject unrelated to the advertiser's hard unsafe categories or sensitive topics. There is no indication of adult themes, tobacco/nicotine, extremism, weapons, or divisive political content. The channel type is shopping, which is unrelated but does not introduce risk. Thus, this placement is safe for a family-friendly food brand.",False,"matched ""aviation safety"" in topic, triggering aviation_incident"
100,Plush Cosmetics,Aviation safety explainers,https://www.gov.uk/aaib-reports,review,high,aviation_incident,topic:aviation safety->aviation_incident,Review for Plush Cosmetics: detected aviation_incident from enriched title/topic evidence. Signals: topic:aviation safety->aviation_incident.,review,high,aviation_incident,"The placement is on a government site providing aviation accident investigation reports, which falls under the aviation_incident review category. While it does not conflict with Plush Cosmetics' hard unsafe categories, its nature warrants a cautious review according to the advertiser's policy guidelines.",True,"matched ""aviation safety"" in topic, triggering aviation_incident"
101,Jen & Berry's Ice Cream,Cooking (one-pot pasta),https://www.olivemagazine.com/recipes/collection/best-ever-one-pot-pasta-recipe-collection/,review,high,click_quality;politics,title:maga->politics;invalid_click_rate:8.2%->click_quality,"Review for Jen & Berry's Ice Cream: detected click_quality, politics from enriched title/topic evidence. Signals: title:maga->politics; invalid_click_rate:8.2%->click_quality.",safe,high,,"The placement is on a cooking recipe page focused on one-pot pasta, which aligns with a family-friendly food context. There are no indications or evidence of content related to tobacco, adult themes, extremism, weapons, or divisive political content. The presence of some invalid clicks does not impact content safety for the brand's policy.",False,"matched ""maga"" in title, triggering politics; invalid click rate 8.2% triggered click_quality"
102,Jen & Berry's Ice Cream,Cooking (one-pot pasta),https://www.recipetineats.com/category/pasta-recipes/one-pot-pasta-recipes/,safe,low,,,Safe for Jen & Berry's Ice Cream: no configured high-risk signals were detected from enriched title/topic evidence.,safe,high,,"The placement is on a family-friendly recipe site with content about one-pot pasta recipes, which aligns well with the advertiser's family-friendly food brand policy. There is no evidence of any hard unsafe or review risk categories such as tobacco, extremism, or adult themes on this page. The channel type 'Shopping' is appropriate for food-related content and consistent with the advertiser's brand.",True,
103,Jet3 Holidays,Cooking (one-pot pasta),https://www.foodnetwork.com/recipes/packages/comfort-foods/easy-one-pot-meals/one-pot-pastas,review,medium,click_quality,invalid_click_rate:9.6%->click_quality,Review for Jet3 Holidays: detected click_quality from enriched title/topic evidence. Signals: invalid_click_rate:9.6%->click_quality.,safe,high,,"The placement is on a cooking-related page about easy one-pot pasta recipes, which is unrelated to sensitive topics affecting this travel advertiser, such as aviation incidents, war, terrorism, or transport disruption. There is no evidence of policy-sensitive content categories in the placement.",False,invalid click rate 9.6% triggered click_quality
104,Jet3 Holidays,Cooking (one-pot pasta),https://www.thekitchn.com/one-pot-pasta-recipes-261459,safe,low,,,Safe for Jet3 Holidays: no configured high-risk signals were detected from enriched title/topic evidence.,safe,high,,"The placement content is focused on cooking recipes with no indication of sensitive topics relevant to the advertiser's hard unsafe or review categories. The content does not relate to aviation incidents, transport disruption, war, terrorism, or travel-adjacent disasters. Invalid click rate is low and does not impact the safety judgment.",True,
105,Jet3 Holidays,Cooking (one-pot pasta),https://uk.style.yahoo.com/17-satisfying-one-pot-pasta-170200817.html,safe,low,,,Safe for Jet3 Holidays: no configured high-risk signals were detected from enriched title/topic evidence.,safe,high,,"The placement is an article about cooking one-pot pasta dinners, unrelated to travel or any sensitive categories under the advertiser's policy. There are no indications of aviation incidents, transport disruption, war, terrorism, or other unsafe topics. Therefore, it is safe for the travel advertiser Jet3 Holidays.",True,
106,Moonbucks Coffee,Travel / holidays,https://www.thetravelmagazine.net/articles/,review,high,politics,title:maga->politics,Review for Moonbucks Coffee: detected politics from enriched title/topic evidence. Signals: title:maga->politics.,safe,high,,"The placement is on a travel article site with neutral content related to travel and holidays, which aligns with the advertiser's tolerance for general-interest content. There are no indicators of hard unsafe or review categories present in the evidence.",False,"matched ""maga"" in title, triggering politics"
107,Plush Cosmetics,Travel / holidays,https://www.independent.co.uk/travel,safe,low,,,Safe for Plush Cosmetics: no configured high-risk signals were detected from enriched title/topic evidence.,safe,high,,"The placement is on a travel and holiday advice site with no evidence of harmful wellbeing, controversial political, extremist, tobacco, sexual, or violent content. The content aligns with a safe and positive context suitable for a beauty and cosmetics advertiser.",True,
108,Moonbucks Coffee,Travel / holidays,https://holiday.saga.co.uk/blog,safe,low,,,Safe for Moonbucks Coffee: no configured high-risk signals were detected from enriched title/topic evidence.,safe,high,,"The placement is on a travel blog focused on destination guides and travel advice, which is a neutral and general-interest content suitable for a broad-reach coffee brand like Moonbucks Coffee. There is no indication of any hard unsafe or review categories present in the content based on the evidence provided.",True,
109,Jet3 Holidays,Travel / holidays,https://www.independent.co.uk/travel,safe,low,,,Safe for Jet3 Holidays: no configured high-risk signals were detected from enriched title/topic evidence.,safe,high,,"The placement is on a travel section of a reputable news site with clear indication of travel-related content. There is no evidence of content related to the advertiser's hard unsafe categories. The invalid clicks ratio does not suggest suspicious activity or click quality issues that would require review. Therefore, the placement is safe for the advertiser.",True,
110,Jen & Berry's Ice Cream,Travel / holidays,https://www.thetravelmagazine.net/articles/,review,high,click_quality;politics,title:maga->politics;invalid_click_rate:9.4%->click_quality,"Review for Jen & Berry's Ice Cream: detected click_quality, politics from enriched title/topic evidence. Signals: title:maga->politics; invalid_click_rate:9.4%->click_quality.",safe,high,,"The placement is on a travel articles listing page, which is generally family-friendly and unrelated to any of the advertiser's hard unsafe or review categories. No evidence suggests the presence of prohibited content such as tobacco, adult themes, weapons, extremism, or divisive political content.",False,"matched ""maga"" in title, triggering politics; invalid click rate 9.4% triggered click_quality"
111,Jet3 Holidays,Technology (MWC / devices / trends),https://www.theverge.com/tech/882992/mobile-world-congress-mwc-2026-smartphones-laptops-headphones,review,medium,click_quality,invalid_click_rate:8.6%->click_quality,Review for Jet3 Holidays: detected click_quality from enriched title/topic evidence. Signals: invalid_click_rate:8.6%->click_quality.,safe,high,,"The content is about technology announcements at Mobile World Congress 2026, focusing on smartphones, laptops, and headphones, which is unrelated to any of the advertiser's hard unsafe categories such as aviation incidents, war, or terrorism. There is no evidence of sensitive content involving transport disruption or travel-adjacent disasters. The invalid clicks do not indicate unsafe content.",False,invalid click rate 8.6% triggered click_quality
112,Jen & Berry's Ice Cream,Technology (MWC / devices / trends),https://apnews.com/article/b23e8c9c51c2d09e772fe8709b867ca7,review,medium,click_quality,invalid_click_rate:10.0%->click_quality,Review for Jen & Berry's Ice Cream: detected click_quality from enriched title/topic evidence. Signals: invalid_click_rate:10.0%->click_quality.,safe,high,,"The placement corresponds to an article on technology and product releases by Samsung, which does not contain any content related to the advertiser's hard unsafe categories such as tobacco, weapons, extremism, or adult themes. The content aligns with family-friendly standards and is appropriate for a food brand audience.",False,invalid click rate 10.0% triggered click_quality
113,Plush Cosmetics,Technology (MWC / devices / trends),https://www.itpro.com/infrastructure/networking/ericsson-maps-out-the-road-to-fully-commercial-6g-networks-at-mwc-2026,safe,low,,,Safe for Plush Cosmetics: no configured high-risk signals were detected from enriched title/topic evidence.,safe,high,,The placement is on a technology-focused article about 6G networks with no indication of any content related to the advertiser's hard unsafe or review categories. The content appears non-controversial and unrelated to any restricted topics for Plush Cosmetics.,True,
114,Plush Cosmetics,Technology (MWC / devices / trends),https://www.techtimes.com/articles/313559/20251231/top-technology-trends-that-will-shape-2026-emerging-tech-what-expect-next-year.htm,safe,low,,,Safe for Plush Cosmetics: no configured high-risk signals were detected from enriched title/topic evidence.,safe,high,,"The placement is on a shopping channel featuring an article about technology trends, which does not match any of Plush Cosmetics' hard unsafe or review categories. There is no evidence of harmful wellbeing, controversial political, extremist, tobacco, sexual, or violent content.",True,
115,Plush Cosmetics,Technology (MWC / devices / trends),https://www.forbes.com/councils/forbestechcouncil/2025/12/22/the-most-impactful-business-technology-trends-to-watch-for-2026/,review,medium,click_quality,invalid_click_rate:9.9%->click_quality,Review for Plush Cosmetics: detected click_quality from enriched title/topic evidence. Signals: invalid_click_rate:9.9%->click_quality.,safe,high,,"The placement is an article on Forbes about business technology trends, which does not touch on any sensitive or harmful content categories relevant to Plush Cosmetics' policies. The topic is technology, with no indication of problematic content such as wellbeing harms, extremism, sexual content, or other hard unsafe categories.",False,invalid click rate 9.9% triggered click_quality
116,Jen & Berry's Ice Cream,Sex & relationships education (non-explicit),https://schoolofsexed.org/blog,review,high,adult_or_relationships,topic:sex & relationships->adult_or_relationships,Review for Jen & Berry's Ice Cream: detected adult_or_relationships from enriched title/topic evidence. Signals: topic:sex & relationships->adult_or_relationships.,review,high,adult_or_relationships,"The placement is on a blog about sexuality education, which may include adult or relationship content that is sensitive for a family-friendly food brand. Although the content is described as non-explicit, it still falls under the review category 'adult_or_relationships' per advertiser policy. There is no evidence of hard unsafe categories like explicit sexual content or tobacco.",True,"matched ""sex & relationships"" in topic, triggering adult_or_relationships"
117,Jen & Berry's Ice Cream,Sex & relationships education (non-explicit),https://educationhub.blog.gov.uk/2025/07/new-rshe-guidance-what-parents-need-to-know/,review,high,adult_or_relationships,topic:sex & relationships->adult_or_relationships,Review for Jen & Berry's Ice Cream: detected adult_or_relationships from enriched title/topic evidence. Signals: topic:sex & relationships->adult_or_relationships.,review,high,adult_or_relationships,"The placement is on a page about sex and relationships education, a topic categorized under adult_or_relationships that requires review due to the sensitive nature for a family-friendly ice cream brand. There is no evidence of explicit content, but the subject matter falls under the review category.",True,"matched ""sex & relationships"" in topic, triggering adult_or_relationships"
118,Jen & Berry's Ice Cream,Sex & relationships education (non-explicit),https://www.sciencedirect.com/science/article/pii/S1054139X25002344,review,high,adult_or_relationships,topic:sex & relationships->adult_or_relationships,Review for Jen & Berry's Ice Cream: detected adult_or_relationships from enriched title/topic evidence. Signals: topic:sex & relationships->adult_or_relationships.,review,medium,adult_or_relationships,"The placement is related to sex and relationships education, which falls under the adult_or_relationships review category for the advertiser. Although the topic is non-explicit and educational, it is sensitive and warrants review according to the advertiser's guidelines.",True,"matched ""sex & relationships"" in topic, triggering adult_or_relationships"
119,Jen & Berry's Ice Cream,Sex & relationships education (non-explicit),https://schoolofsexed.org/blog,review,high,adult_or_relationships,topic:sex & relationships->adult_or_relationships,Review for Jen & Berry's Ice Cream: detected adult_or_relationships from enriched title/topic evidence. Signals: topic:sex & relationships->adult_or_relationships.,review,high,adult_or_relationships,"The placement is on a site about sex and relationships education, which is non-explicit but still related to adult or relationship topics. Given the advertiser's sensitivity to adult themes and family-friendly positioning, this content requires review to ensure alignment with brand safety. There is no evidence of hard unsafe categories such as tobacco, extremism, or explicit content. The topic does not directly breach any hard unsafe categories but falls within a sensitive review category.",True,"matched ""sex & relationships"" in topic, triggering adult_or_relationships"
120,Plush Cosmetics,Sex & relationships education (non-explicit),https://schoolofsexed.org/blog,unsafe,high,adult_or_relationships;propaganda_or_disinformation,title:misinformation->propaganda_or_disinformation;topic:sex & relationships->adult_or_relationships,"Unsafe for Plush Cosmetics: detected adult_or_relationships, propaganda_or_disinformation from enriched title/topic evidence. Signals: title:misinformation->propaganda_or_disinformation; topic:sex & relationships->adult_or_relationships.",review,high,adult_or_relationships,"The placement is on a site focused on sex and relationships education, which falls under the review category for the advertiser Plush Cosmetics due to sensitivity around adult or relationship content. Although the content is specified as non-explicit, the subject matter means it is safer to assign a review decision to ensure alignment with advertiser policy.",False,"matched ""misinformation"" in title, triggering propaganda_or_disinformation; matched ""sex & relationships"" in topic, triggering adult_or_relationships"
121,Plush Cosmetics,Politics (commentary/newsletters),https://heathercoxrichardson.substack.com/,review,high,click_quality;politics,topic:politics->politics;invalid_click_rate:9.3%->click_quality,"Review for Plush Cosmetics: detected click_quality, politics from enriched title/topic evidence. Signals: topic:politics->politics; invalid_click_rate:9.3%->click_quality.",review,high,politics,"The placement is on a political commentary/newsletter site, which falls under the review categories due to potential sensitivity around politics. The advertiser Plush Cosmetics requests review for political content. There is no evidence of hard unsafe categories such as explicit sexual content, extremism or tobacco.",True,"matched ""politics"" in topic, triggering politics; invalid click rate 9.3% triggered click_quality"
122,Jet3 Holidays,Politics (commentary/newsletters),https://heathercoxrichardson.substack.com/p/politics-chat-february-26-2026,review,high,politics,topic:politics->politics,Review for Jet3 Holidays: detected politics from enriched title/topic evidence. Signals: topic:politics->politics.,review,high,politics,"The placement URL leads to a politics commentary newsletter, which matches the topic 'Politics'. Given the advertiser's sensitivity to travel-adjacent disasters and the presence of political content, there is potential sensitivity but no direct evidence of unsafe categories. Hence, this placement should be reviewed for suitability regarding political content.",True,"matched ""politics"" in topic, triggering politics"
123,Plush Cosmetics,Politics (commentary/newsletters),https://samf.substack.com/,review,high,politics,topic:politics->politics,Review for Plush Cosmetics: detected politics from enriched title/topic evidence. Signals: topic:politics->politics.,review,high,politics,"The placement is on a political commentary newsletter, which is among the review categories for this beauty and cosmetics advertiser. Since politics can be a sensitive area potentially linked to controversial or polarizing content, this placement requires review to ensure compliance with the advertiser's policy.",True,"matched ""politics"" in topic, triggering politics"
124,Jet3 Holidays,Politics (commentary/newsletters),https://democracyforsale.substack.com/,review,high,politics,topic:politics->politics,Review for Jet3 Holidays: detected politics from enriched title/topic evidence. Signals: topic:politics->politics.,review,high,politics,"The placement is on a politics-related Substack newsletter, which falls under the review category for the advertiser Jet3 Holidays due to potential sensitivity around political content. There is no direct evidence of hard unsafe categories such as aviation incidents or war-related content, but political content can be sensitive and may impact ad placement appropriateness. Given the nature of the content and advertiser sensitivity, the placement merits review.",True,"matched ""politics"" in topic, triggering politics"
125,Moonbucks Coffee,Politics (commentary/newsletters),https://dominiccummings.substack.com/,review,high,click_quality;politics,topic:politics->politics;invalid_click_rate:8.7%->click_quality,"Review for Moonbucks Coffee: detected click_quality, politics from enriched title/topic evidence. Signals: topic:politics->politics; invalid_click_rate:8.7%->click_quality.",review,high,politics,"The placement URL content is related to politics, which is explicitly listed as a review category. Since Moonbucks Coffee tolerates neutral news but not high-risk or sensitive categories without review, this placement requires review to assess suitability. The channel type is shopping, which is neutral, but the subject matter is politically charged.",True,"matched ""politics"" in topic, triggering politics; invalid click rate 8.7% triggered click_quality"
126,Jen & Berry's Ice Cream,War / conflict (Ukraine / geopolitics),https://www.theguardian.com/world/2026/mar/03/ukraine-war-briefing-russia-army-records-slowest-advance-since-2024-amid-starlink-cut-data-shows,review,high,politics;war_or_conflict,topic:war->war_or_conflict;topic:politics->politics,"Review for Jen & Berry's Ice Cream: detected politics, war_or_conflict from enriched title/topic evidence. Signals: topic:war->war_or_conflict; topic:politics->politics.",review,high,war_or_conflict,"The placement is associated with news content about the Ukraine war, which falls under the war_or_conflict category. While this is not a hard unsafe category, the advertiser is sensitive to divisive political content and such topics could be sensitive or unsuitable for a family-friendly food brand. Therefore, the placement warrants review before approval.",True,"matched ""war"" in topic, triggering war_or_conflict; matched ""politics"" in topic, triggering politics"
127,Plush Cosmetics,War / conflict (Ukraine / geopolitics),https://www.ft.com/content/8f5f18fb-311d-4df0-805c-063b292506b3,review,high,politics;war_or_conflict,topic:war->war_or_conflict;topic:politics->politics,"Review for Plush Cosmetics: detected politics, war_or_conflict from enriched title/topic evidence. Signals: topic:war->war_or_conflict; topic:politics->politics.",review,high,war_or_conflict,"The placement topic is related to war and conflict, which is a sensitive issue for the advertiser Plush Cosmetics who is sensitive to controversial and harmful wellbeing content. This falls under the review category 'war_or_conflict' and may affect brand safety. There is no evidence of hard unsafe categories like explicit sexual content or extremism, but given the nature of the topic, a review decision is prudent.",True,"matched ""war"" in topic, triggering war_or_conflict; matched ""politics"" in topic, triggering politics"
128,Plush Cosmetics,War / conflict (Ukraine / geopolitics),https://www.aljazeera.com/news/2026/2/27/russia-ukraine-war-list-of-key-events-day-1464,review,high,politics;war_or_conflict,topic:war->war_or_conflict;topic:politics->politics,"Review for Plush Cosmetics: detected politics, war_or_conflict from enriched title/topic evidence. Signals: topic:war->war_or_conflict; topic:politics->politics.",review,high,war_or_conflict,"The ad placement is on a page covering the ongoing Russia-Ukraine war, a potentially sensitive geopolitical conflict. Plush Cosmetics' policy flags war or conflict topics for review to avoid association with sensitive or controversial content. There is no evidence of hard unsafe categories such as extremism or violence, but the war/conflict topic warrants review per policy.",True,"matched ""war"" in topic, triggering war_or_conflict; matched ""politics"" in topic, triggering politics"
129,Jen & Berry's Ice Cream,War / conflict (Ukraine / geopolitics),https://www.ft.com/war-in-ukraine,review,high,politics;war_or_conflict,topic:war->war_or_conflict;topic:politics->politics,"Review for Jen & Berry's Ice Cream: detected politics, war_or_conflict from enriched title/topic evidence. Signals: topic:war->war_or_conflict; topic:politics->politics.",review,high,war_or_conflict,"The ad placement is on a page about the war in Ukraine, which falls under the war_or_conflict category. This is a sensitive topic that, while not explicitly unsafe, requires review according to the advertiser's policy to ensure brand safety due to potential graphic content or emotional sensitivity. There is no indication of direct violation of hard unsafe categories such as tobacco, extremism, or adult content.",True,"matched ""war"" in topic, triggering war_or_conflict; matched ""politics"" in topic, triggering politics"
130,Plush Cosmetics,War / conflict (Ukraine / geopolitics),https://www.bloomberg.com/latest/russia-ukraine-war,review,high,politics;war_or_conflict,topic:war->war_or_conflict;topic:politics->politics,"Review for Plush Cosmetics: detected politics, war_or_conflict from enriched title/topic evidence. Signals: topic:war->war_or_conflict; topic:politics->politics.",review,high,war_or_conflict,"The placement is related to war or conflict topic, which falls under the review categories for this advertiser. Given the advertiser's sensitivity to controversial or harmful wellbeing content and the war-related content, a review is appropriate to ensure brand safety. There is no evidence of hard unsafe categories such as extremism or hate. The evidence is sufficient to categorize this as review rather than safe or unsafe.",True,"matched ""war"" in topic, triggering war_or_conflict; matched ""politics"" in topic, triggering politics"
131,Moonbucks Coffee,Weapons / gun policy,https://www.rand.org/pubs/research_reports/RRA4360-2.html,unsafe,high,politics;weapons,topic:weapon->weapons;topic:policy->politics,"Unsafe for Moonbucks Coffee: detected politics, weapons from enriched title/topic evidence. Signals: topic:weapon->weapons; topic:policy->politics.",unsafe,high,weapons,"The placement topic is 'Weapons / gun policy', which falls under the 'weapons' category, a hard unsafe category for the advertiser Moonbucks Coffee. Since weapons content is strictly blocked, this placement is unsafe.",True,"matched ""weapon"" in topic, triggering weapons; matched ""policy"" in topic, triggering politics"
132,Jet3 Holidays,Weapons / gun policy,https://www.britannica.com/procon/gun-control-debate,unsafe,high,politics;weapons,topic:weapon->weapons;topic:policy->politics,"Unsafe for Jet3 Holidays: detected politics, weapons from enriched title/topic evidence. Signals: topic:weapon->weapons; topic:policy->politics.",unsafe,high,weapons,"The placement URL and title clearly indicate content related to gun control, firearms, and weapons policy, which aligns with the 'weapons' hard unsafe category for this advertiser. Given the advertiser's policy sensitivity to weapons-related content, this placement is unsafe.",True,"matched ""weapon"" in topic, triggering weapons; matched ""policy"" in topic, triggering politics"
133,Jet3 Holidays,Weapons / gun policy,https://publichealth.jhu.edu/center-for-gun-violence-solutions/data/national-survey-of-gun-policy,unsafe,high,politics;weapons,topic:weapon->weapons;topic:policy->politics,"Unsafe for Jet3 Holidays: detected politics, weapons from enriched title/topic evidence. Signals: topic:weapon->weapons; topic:policy->politics.",unsafe,high,weapons,"The advertised placement directly relates to weapons and gun policy, which is listed as a hard unsafe category for this advertiser. Given Jet3 Holidays' sensitivity to hard unsafe categories and the explicit topic of the placement, it is unsafe for ad placement.",True,"matched ""weapon"" in topic, triggering weapons; matched ""policy"" in topic, triggering politics"
134,Jet3 Holidays,Weapons / gun policy,https://hsph.harvard.edu/research/injury-control/firearms-research/policy-evaluation/,unsafe,high,politics;weapons,topic:weapon->weapons;topic:policy->politics,"Unsafe for Jet3 Holidays: detected politics, weapons from enriched title/topic evidence. Signals: topic:weapon->weapons; topic:policy->politics.",unsafe,high,weapons,"The placement is on a page about firearms research and gun policy, clearly matching the 'weapons' hard unsafe category for this advertiser. Since 'weapons' is a hard unsafe category and the content directly relates to this, it is unsafe for Jet3 Holidays.",True,"matched ""weapon"" in topic, triggering weapons; matched ""policy"" in topic, triggering politics"
135,Plush Cosmetics,Weapons / gun policy,https://journals.sagepub.com/doi/pdf/10.1177/00027162231174162?download=true,unsafe,high,click_quality;politics;weapons,topic:weapon->weapons;topic:policy->politics;invalid_click_rate:8.2%->click_quality,"Unsafe for Plush Cosmetics: detected click_quality, politics, weapons from enriched title/topic evidence. Signals: topic:weapon->weapons; topic:policy->politics; invalid_click_rate:8.2%->click_quality.",unsafe,high,weapons,"The placement is an article about gun violence and gun policy, which falls directly into the weapons category, identified as a hard unsafe category according to the advertiser's policy. Therefore, this placement is unsafe for Plush Cosmetics.",True,"matched ""weapon"" in topic, triggering weapons; matched ""policy"" in topic, triggering politics; invalid click rate 8.2% triggered click_quality"
136,Jen & Berry's Ice Cream,Video games,https://www.gamespot.com/gallery/the-best-games-of-2026/2900-7436/,safe,low,,,Safe for Jen & Berry's Ice Cream: no configured high-risk signals were detected from enriched title/topic evidence.,safe,high,,"The placement is on a video games shopping channel with a neutral and family-friendly topic (best games of 2026). There is no evidence of presence of any hard unsafe or review categories such as adult content, extremism, tobacco, or divisive political content. The advertiser's policy concerns do not conflict with the evidence presented.",True,
137,Moonbucks Coffee,Video games,https://www.gamesradar.com/games/big-in-2026-the-ultimate-guide-to-the-video-games-that-will-shape-2026-and-beyond/,safe,low,,,Safe for Moonbucks Coffee: no configured high-risk signals were detected from enriched title/topic evidence.,safe,high,,"The placement is about video games, which is a neutral, general-interest topic with no indication of blocked high-risk content categories like explicit sexual content, extremism, hate, propaganda, or weapons. This fits well within the advertiser's typical acceptable content boundaries.",True,
138,Jet3 Holidays,Video games,https://www.techradar.com/gaming/most-anticipated-games-of-2026,safe,low,,,Safe for Jet3 Holidays: no configured high-risk signals were detected from enriched title/topic evidence.,safe,high,,"The placement is on a video game anticipation article, which is unrelated to travel or sensitive travel-adjacent issues. There is no evidence of aviation incidents, transport disruption, war, terrorism, or other unsafe categories according to the advertiser's policy. The content is stable and suitable for the travel advertiser's needs.",True,
139,Plush Cosmetics,Video games,https://www.avclub.com/2026-video-games-preview,review,medium,click_quality,invalid_click_rate:9.1%->click_quality,Review for Plush Cosmetics: detected click_quality from enriched title/topic evidence. Signals: invalid_click_rate:9.1%->click_quality.,safe,high,,"The placement is on a page titled 'The A.V. Club's most anticipated games of 2026' with a topic of video games. There is no indication of any unsafe content categories such as explicit sexual content, extremism, hate, tobacco, or violence. The content does not overlap with the advertiser's hard unsafe categories or review categories.",False,invalid click rate 9.1% triggered click_quality
140,Plush Cosmetics,Video games,https://blog.mavigadget.com/video-games-2026-key-trends-shaping-the-future-of-play/,safe,low,,,Safe for Plush Cosmetics: no configured high-risk signals were detected from enriched title/topic evidence.,safe,high,,"The placement is about video games, which does not fall under any of the advertiser's hard unsafe or review categories. There is no indication of content related to harmful wellbeing, controversial political, extremist, tobacco, sexual, or violent content.",True,
141,Plush Cosmetics,Climate & environment,https://unu.edu/ehs/article/5-things-watch-climate-and-environment-2026,review,medium,click_quality,invalid_click_rate:8.6%->click_quality,Review for Plush Cosmetics: detected click_quality from enriched title/topic evidence. Signals: invalid_click_rate:8.6%->click_quality.,safe,high,,"The placement is on a page about climate and environment without any indication of harmful wellbeing, controversial political, extremist, tobacco, sexual, or violent content. None of the hard unsafe or review categories are triggered by the given evidence.",False,invalid click rate 8.6% triggered click_quality
142,Jen & Berry's Ice Cream,Climate & environment,https://www.wri.org/insights/stories-to-watch-climate-economy-2026,safe,low,,,Safe for Jen & Berry's Ice Cream: no configured high-risk signals were detected from enriched title/topic evidence.,safe,high,,"The placement is on a page about climate and environmental stories, which does not contain any content categories flagged as hard unsafe or review for the advertiser. There is no evidence of tobacco, adult themes, extremism, weapons, or divisive political content. Given the family-friendly nature of the brand, this placement aligns well with safe content categories.",True,
143,Moonbucks Coffee,Climate & environment,https://www.weforum.org/stories/2026/02/2026-global-risks-report-environmental-risks-remain-urgent/,safe,low,,,Safe for Moonbucks Coffee: no configured high-risk signals were detected from enriched title/topic evidence.,safe,high,,"The placement is a news article about environmental risks from the World Economic Forum, which aligns with neutral general-interest content. There is no evidence of any hard unsafe or review categories present in the content or context. The channel type is shopping, but this does not introduce risk. Therefore, the placement is safe for Moonbucks Coffee.",True,
144,Moonbucks Coffee,Climate & environment,https://www.msci.com/research-and-insights/blog-post/sustainability-and-climate-in-focus-trends-to-watch-for-2026,safe,low,,,Safe for Moonbucks Coffee: no configured high-risk signals were detected from enriched title/topic evidence.,safe,high,,"The placement is on a webpage about sustainability and climate, which does not fall under any hard unsafe or review categories specified in the advertiser policy. The content is neutral to positive and appropriate for a broad-reach coffee brand like Moonbucks Coffee.",True,
145,Plush Cosmetics,Climate & environment,https://www.theguardian.com/environment/2026/mar/03/australia-summer-extreme-weather-wettest-hottest-records,safe,low,,,Safe for Plush Cosmetics: no configured high-risk signals were detected from enriched title/topic evidence.,safe,high,,"The placement is an article from a reputable news source about climate and environmental conditions in Australia, which does not relate to any hard unsafe or review categories relevant to Plush Cosmetics' policy. There is no indication of harmful wellbeing content, controversial political or extremist content, tobacco, sexual, or violent content.",True,
146,Moonbucks Coffee,Space / Mars,https://www.nasaspaceflight.com/2026/01/space-science-2026-preview/,safe,low,,,Safe for Moonbucks Coffee: no configured high-risk signals were detected from enriched title/topic evidence.,safe,high,,"The placement is on a reputable space science article focused on upcoming lunar explorers and Mars missions. The content is neutral and informational, unrelated to any hard unsafe or review categories specified in the advertiser's policy. There is no evidence of high-risk content present.",True,
147,Jen & Berry's Ice Cream,Space / Mars,https://science.nasa.gov/mars/stories/,safe,low,,,Safe for Jen & Berry's Ice Cream: no configured high-risk signals were detected from enriched title/topic evidence.,safe,high,,"The placement URL and title indicate content about Mars and space science from NASA, which is unrelated to any hard unsafe categories (explicit sexual content, extremism, hate, tobacco, weapons) or review categories relevant to the advertiser's sensitivities. There is no evidence of content related to adult themes, tobacco/nicotine, extremism, weapons, or divisive political content. The channel type (Paid Social) and click data do not influence content safety assessment. Therefore, this placement is considered safe for Jen & Berry's Ice Cream.",True,
148,Plush Cosmetics,Space / Mars,https://www.space.com/space-exploration/mars-rovers/curiosity-rover-finds-clues-to-mars-watery-past-in-rocky-spiderwebs,safe,low,,,Safe for Plush Cosmetics: no configured high-risk signals were detected from enriched title/topic evidence.,safe,high,,"The placement content is about space exploration and Mars, which is unrelated to any of the advertiser's hard unsafe or review categories such as harmful wellbeing, controversial political, extremist, tobacco, sexual, or violent content. There is no evidence of any restricted content.",True,
149,Plush Cosmetics,Space / Mars,https://arstechnica.com/space/2026/02/a-non-public-document-reveals-that-science-may-not-be-prioritized-on-next-mars-mission/,safe,low,,,Safe for Plush Cosmetics: no configured high-risk signals were detected from enriched title/topic evidence.,safe,high,,"The content is related to a Mars mission and science, which is unrelated to any of Plush Cosmetics' sensitive or hard unsafe categories such as explicit sexual content, extremism, tobacco, or violent content. There is no evidence of controversial or sensitive themes based on the provided title, URL, and topic.",True,
150,Jen & Berry's Ice Cream,Space / Mars,https://thedebrief.org/2026-space-outlook-new-missions-look-to-the-moon-mars-and-beyond-as-humanity-seeks-permanent-space-habitation/,safe,low,,,Safe for Jen & Berry's Ice Cream: no configured high-risk signals were detected from enriched title/topic evidence.,safe,high,,"The placement is on a page about space exploration with no indications of any unsafe or sensitive content related to the advertiser's hard unsafe categories or review categories. The topic and title are family-appropriate and unrelated to tobacco, adult themes, extremism, weapons, or divisive political content. No evidence suggests any policy concerns.",True,
151,Moonbucks Coffee,Mental health & wellbeing,https://www.uclahealth.org/news/article/nine-mental-health-tips-happier-2026,review,high,mental_health,topic:mental health->mental_health,Review for Moonbucks Coffee: detected mental_health from enriched title/topic evidence. Signals: topic:mental health->mental_health.,review,high,mental_health,"The placement is on a page about mental health, which is a review-category according to advertiser policy. While the content appears neutral and relevant for broad reach, the topic requires review to ensure suitability given the sensitivity around mental health content.",True,"matched ""mental health"" in topic, triggering mental_health"
152,Moonbucks Coffee,Mental health & wellbeing,https://www.mentalhealth.org.uk/explore-mental-health/blogs,review,high,mental_health,topic:mental health->mental_health,Review for Moonbucks Coffee: detected mental_health from enriched title/topic evidence. Signals: topic:mental health->mental_health.,review,high,mental_health,"The placement URL is a blog index on mental health and wellbeing, which falls under the review category for this advertiser. As Moonbucks Coffee tolerates neutral news and general interest content but mental health is specifically flagged as a review category, it is appropriate to place this in review for further consideration.",True,"matched ""mental health"" in topic, triggering mental_health"
153,Moonbucks Coffee,Mental health & wellbeing,https://mentalhealth-uk.org/blog/mental-health-uks-new-strategy-for-2026-2031-our-plan-for-a-mentally-healthier-and-thriving-uk/,review,high,mental_health,topic:mental health->mental_health,Review for Moonbucks Coffee: detected mental_health from enriched title/topic evidence. Signals: topic:mental health->mental_health.,review,high,mental_health,"The placement is on a mental health related blog, which falls under the review category for this advertiser. Although the content appears neutral and relevant to wellbeing, mental health topics can be sensitive and require review according to the advertiser's policy.",True,"matched ""mental health"" in topic, triggering mental_health"
154,Plush Cosmetics,Mental health & wellbeing,https://www.parinc.com/learning-center/par-blog/detail/blog/2025/12/19/six-mental-health-resolutions-worth-setting-for-2026,review,high,mental_health,topic:mental health->mental_health,Review for Plush Cosmetics: detected mental_health from enriched title/topic evidence. Signals: topic:mental health->mental_health.,review,high,mental_health,"The placement content is about mental health and wellbeing, which is listed as a review category for this advertiser. While the topic is relevant and not explicitly unsafe, mental health content may require review to ensure that the context aligns with the advertiser's sensitivity to harmful wellbeing content.",True,"matched ""mental health"" in topic, triggering mental_health"
155,Moonbucks Coffee,Mental health & wellbeing,https://www.verywellmind.com/floor-time-11917599,review,high,mental_health,topic:mental health->mental_health,Review for Moonbucks Coffee: detected mental_health from enriched title/topic evidence. Signals: topic:mental health->mental_health.,review,high,mental_health,"The placement is related to mental health and wellbeing, which is listed as a review category in the advertiser's policy. While the content does not appear explicitly unsafe or high-risk, it is sensitive and requires review to ensure appropriateness for the Moonbucks Coffee brand.",True,"matched ""mental health"" in topic, triggering mental_health"
156,Moonbucks Coffee,Gardening,https://www.gardenersworld.com/garden-advice/beginner-gardening/,review,high,politics,title:maga->politics,Review for Moonbucks Coffee: detected politics from enriched title/topic evidence. Signals: title:maga->politics.,safe,high,,"The placement is on a Gardening beginners guide page, which is general interest content unrelated to any of the hard unsafe or review categories specified. There is no evidence of any visible risk category content in the page metadata or title.",False,"matched ""maga"" in title, triggering politics"
157,Moonbucks Coffee,Gardening,https://gardenersnewmalden.org.uk/blog/beginners-guide-to-gardening-9-key-tips-for-your-first-garden/,review,medium,click_quality,invalid_click_rate:9.8%->click_quality,Review for Moonbucks Coffee: detected click_quality from enriched title/topic evidence. Signals: invalid_click_rate:9.8%->click_quality.,safe,high,,"The placement is related to gardening, which is a neutral, general-interest topic aligned with the advertiser's broad-reach and tolerance for neutral content. There is no evidence of hard unsafe or review-level categories present in the placement evidence.",False,invalid click rate 9.8% triggered click_quality
158,Plush Cosmetics,Gardening,https://www.gardenerbasics.com/blog/gardening-tips-for-beginners,safe,low,,,Safe for Plush Cosmetics: no configured high-risk signals were detected from enriched title/topic evidence.,safe,high,,"The placement is on a gardening tips blog, which is unrelated to any of the advertiser's hard unsafe or review categories. There is no indication of sensitive or harmful content that conflicts with Plush Cosmetics' policies.",True,
159,Moonbucks Coffee,Gardening,https://gardenersshepherdsbush.org.uk/blog/essential-gardening-guide-9-tips-for-newcomers/,review,medium,click_quality,invalid_click_rate:8.2%->click_quality,Review for Moonbucks Coffee: detected click_quality from enriched title/topic evidence. Signals: invalid_click_rate:8.2%->click_quality.,safe,high,,"The placement is on a gardening guide page, which is a neutral and general-interest topic not associated with any advertiser blocked or review categories. The channel type is shopping, which is appropriate and safe for broad-reach coffee brand advertising. There is no evidence of unsafe or review risk content.",False,invalid click rate 8.2% triggered click_quality
160,Jen & Berry's Ice Cream,Gardening,https://gardenerswembley.org.uk/blog/prepare-to-plant-9-essential-gardening-tips-for-newbies/,safe,low,,,Safe for Jen & Berry's Ice Cream: no configured high-risk signals were detected from enriched title/topic evidence.,safe,high,,"The placement is on a gardening blog page with a title and topic clearly related to gardening, which is family-friendly and unrelated to the advertiser's sensitive categories such as tobacco, adult themes, extremism, or divisive political content. There is no indication of any unsafe or review category content.",True,
161,Jet3 Holidays,Art & art history,https://www.ft.com/content/b85bb03a-28ed-4f9e-b458-0b80c63d9d93,safe,low,,,Safe for Jet3 Holidays: no configured high-risk signals were detected from enriched title/topic evidence.,safe,high,,"The ad placement is on a page about art and art history, which does not relate to any of the advertiser's hard unsafe categories or review categories. The channel type is shopping, and there are no invalid clicks, indicating legitimate engagement. There is no evidence of aviation incidents, war, terrorism, or any sensitive content around travel disruptions or related disasters.",True,
162,Plush Cosmetics,Art & art history,https://www.nga.gov/stories/articles,safe,low,,,Safe for Plush Cosmetics: no configured high-risk signals were detected from enriched title/topic evidence.,safe,high,,"The placement is on a reputable art and art history articles channel, which is unlikely to conflict with the advertiser's policies related to harmful wellbeing, controversial political, extremist, tobacco, sexual, and violent content. The category is shopping but content aligns with cultural education rather than sensitive topics.",True,
163,Jet3 Holidays,Art & art history,https://www.smithsonianmag.com/tag/art-history/,review,high,politics,title:maga->politics,Review for Jet3 Holidays: detected politics from enriched title/topic evidence. Signals: title:maga->politics.,safe,high,,"The placement is on a page focused on Art History from Smithsonian Magazine, which is unrelated to the advertiser's extra-sensitive categories such as aviation incidents, transport disruptions, war, terrorism, or other unsafe categories. There is no evidence of any hard unsafe or review category content on the page. The invalid click rate does not indicate unsafe content risk.",False,"matched ""maga"" in title, triggering politics"
164,Moonbucks Coffee,Art & art history,https://daily.jstor.org/jstor-dailys-archives-of-art-history/,review,medium,click_quality,invalid_click_rate:9.4%->click_quality,Review for Moonbucks Coffee: detected click_quality from enriched title/topic evidence. Signals: invalid_click_rate:9.4%->click_quality.,safe,high,,"The placement is on a page about art and art history, which is neutral general-interest content and does not fall into any unsafe or review categories specified by the advertiser's policy. No evidence of any hard unsafe or review risk categories is present.",False,invalid click rate 9.4% triggered click_quality
165,Jet3 Holidays,Art & art history,https://archives.history.ac.uk/makinghistory/resources/articles/art_history.html,review,medium,click_quality,invalid_click_rate:8.8%->click_quality,Review for Jet3 Holidays: detected click_quality from enriched title/topic evidence. Signals: invalid_click_rate:8.8%->click_quality.,safe,high,,"The placement is on a page about Art History with no indication of content related to aviation incidents, transport disruption, war, terrorism, or other travel-adjacent disasters. There are no hard unsafe categories triggered given the content is focused on art and history. The invalid click rate does not indicate any safety concerns related to content appropriateness. Therefore, this placement is considered safe for the travel advertiser Jet3 Holidays.",False,invalid click rate 8.8% triggered click_quality
166,Moonbucks Coffee,Education policy,https://www.gov.uk/government/publications/the-uks-international-education-strategy-2026,review,high,politics,topic:policy->politics,Review for Moonbucks Coffee: detected politics from enriched title/topic evidence. Signals: topic:policy->politics.,safe,high,,"The placement is on a government page focused on education policy, which is outside all hard unsafe and review categories defined for the advertiser. It does not contain any restricted or sensitive content making it appropriate for the advertiser's broad-reach coffee brand.",False,"matched ""policy"" in topic, triggering politics"
167,Moonbucks Coffee,Education policy,https://ifs.org.uk/publications/annual-report-education-spending-england-2025-26,review,high,politics,topic:policy->politics,Review for Moonbucks Coffee: detected politics from enriched title/topic evidence. Signals: topic:policy->politics.,safe,high,,"The placement is an annual report on education spending, categorized under education policy, which is neutral and aligns with broad-reach content tolerable to the advertiser. None of the advertiser's hard unsafe or review risk categories are indicated in the evidence provided, making this placement safe.",False,"matched ""policy"" in topic, triggering politics"
168,Plush Cosmetics,Education policy,https://www.tes.com/magazine/analysis/general/2026-pivotal-year-school-workforce,review,high,click_quality;politics,topic:policy->politics;invalid_click_rate:8.5%->click_quality,"Review for Plush Cosmetics: detected click_quality, politics from enriched title/topic evidence. Signals: topic:policy->politics; invalid_click_rate:8.5%->click_quality.",safe,high,,"The placement URL and title indicate content related to education policy and school workforce, which is unrelated to any of the advertiser's restricted categories such as harmful wellbeing content, controversial political topics, extremism, tobacco, sexual or violent content. There is sufficient evidence to judge this placement as safe for Plush Cosmetics.",False,"matched ""policy"" in topic, triggering politics; invalid click rate 8.5% triggered click_quality"
169,Jen & Berry's Ice Cream,Education policy,https://www.cambridge.org/partnership/news-and-events/news/a-year-of-possibility-turning-education-system-challenges-into-opportunities-in-2026,review,high,politics,topic:policy->politics,Review for Jen & Berry's Ice Cream: detected politics from enriched title/topic evidence. Signals: topic:policy->politics.,safe,high,,"The placement URL and title indicate content about education policy, which is not sensitive or related to the advertiser's hard unsafe or review categories. The channel type is shopping, which is acceptable for the family-friendly food brand. There is no indication of tobacco, adult themes, extremism, or other disallowed content in the evidence provided.",False,"matched ""policy"" in topic, triggering politics"
170,Plush Cosmetics,Education policy,https://www.theguardian.com/education/2026/feb/24/send-plan-for-england-gets-cautious-welcome-amid-workload-concerns,review,high,politics,topic:policy->politics,Review for Plush Cosmetics: detected politics from enriched title/topic evidence. Signals: topic:policy->politics.,safe,high,,"The placement is on an educational policy article which does not intersect with any of the advertiser's hard unsafe categories such as extremist, sexual, tobacco, or violent content. There is no evidence of controversial or sensitive content related to politics or mental health that would trigger the review categories. The placement appears contextually safe for a beauty and cosmetics advertiser.",False,"matched ""policy"" in topic, triggering politics"
171,Jen & Berry's Ice Cream,Cybersecurity / ransomware,https://research.checkpoint.com/2026/cyber-security-report-2026/,review,high,war_or_conflict,topic:war->war_or_conflict,Review for Jen & Berry's Ice Cream: detected war_or_conflict from enriched title/topic evidence. Signals: topic:war->war_or_conflict.,safe,high,,"The placement is on a cybersecurity report page focused on ransomware, which does not relate to any hard unsafe or review risk categories defined for the advertiser. The content is appropriate for a family-friendly food brand with no indication of sensitive or adult content.",False,"matched ""war"" in topic, triggering war_or_conflict"
172,Moonbucks Coffee,Cybersecurity / ransomware,https://www.fortinet.com/content/dam/fortinet/assets/threat-reports/report-threat-predictions-2026.pdf,review,high,war_or_conflict,topic:war->war_or_conflict,Review for Moonbucks Coffee: detected war_or_conflict from enriched title/topic evidence. Signals: topic:war->war_or_conflict.,safe,high,,"The placement content is focused on cybersecurity and ransomware predictions, which is a neutral, business-technology topic without any connection to hard unsafe or review categories specified by the advertiser. There is no evidence of any disallowed content types such as explicit sexual content, extremism, or politics in the provided metadata. Therefore, it is safe for the broad-reach coffee brand's advertising policy.",False,"matched ""war"" in topic, triggering war_or_conflict"
173,Moonbucks Coffee,Cybersecurity / ransomware,https://www.guidepointsecurity.com/wp-content/uploads/2026/01/GRIT-2026-Ransomware-and-Cyber-Threat-Report.pdf,review,high,war_or_conflict,topic:war->war_or_conflict,Review for Moonbucks Coffee: detected war_or_conflict from enriched title/topic evidence. Signals: topic:war->war_or_conflict.,safe,high,,"The placement content is a cybersecurity and ransomware report, which does not intersect with any hard unsafe or review categories defined by Moonbucks Coffee's policy. The channel type is shopping, which is a neutral environment. There is no evidence of high-risk content or sensitive topics that would warrant review or unsafe classification.",False,"matched ""war"" in topic, triggering war_or_conflict"
174,Moonbucks Coffee,Cybersecurity / ransomware,https://cyberstrategyinstitute.com/2026-ransomware-reality-report/,review,high,war_or_conflict,topic:war->war_or_conflict,Review for Moonbucks Coffee: detected war_or_conflict from enriched title/topic evidence. Signals: topic:war->war_or_conflict.,safe,high,,"The placement is on a cybersecurity topic focusing on ransomware defense shifts. This content is generally neutral and related to technology and security, which does not fall into any hard unsafe or review categories defined by the advertiser's policy. There is no indication of sensitive or high-risk content categories present.",False,"matched ""war"" in topic, triggering war_or_conflict"
175,Jen & Berry's Ice Cream,Cybersecurity / ransomware,https://ibimapublishing.com/articles/JIACS/2026/387036/,review,high,war_or_conflict,topic:war->war_or_conflict,Review for Jen & Berry's Ice Cream: detected war_or_conflict from enriched title/topic evidence. Signals: topic:war->war_or_conflict.,safe,high,,"The ad placement is on a page about cybersecurity and ransomware, which does not include any content related to tobacco, adult themes, extremism, weapons, or divisive politics. The content appears professional and unrelated to any hard unsafe or review categories.",False,"matched ""war"" in topic, triggering war_or_conflict"
176,Jet3 Holidays,Startups / entrepreneurship,https://www.hostinger.com/tutorials/entrepreneurship-blog,safe,low,,,Safe for Jet3 Holidays: no configured high-risk signals were detected from enriched title/topic evidence.,safe,high,,"The placement is on a site about entrepreneurship blogs, which is unrelated to the advertiser's extra-sensitive topics such as aviation incidents, war, terrorism, or transport disruptions. There is no evidence suggesting any connection to hard unsafe or review categories for this advertiser.",True,
177,Jet3 Holidays,Startups / entrepreneurship,https://bloggers.feedspot.com/startup_blogs/,safe,low,,,Safe for Jet3 Holidays: no configured high-risk signals were detected from enriched title/topic evidence.,safe,high,,"The placement is on a page about startup blogs and entrepreneurship, which is unrelated to any hard unsafe or review categories specified by the advertiser's policy. There is no evidence of aviation incidents, transport disruption, war, terrorism, or other sensitive content. The category and topic of the placement do not raise any flagged concerns for Jet3 Holidays.",True,
178,Jet3 Holidays,Startups / entrepreneurship,https://www.outsourceaccelerator.com/articles/startup-blogs/,safe,low,,,Safe for Jet3 Holidays: no configured high-risk signals were detected from enriched title/topic evidence.,safe,high,,"The placement URL and title indicate content focused on startups and entrepreneurship, which does not overlap with any of the advertiser's hard unsafe categories such as aviation incidents, war, terrorism, or related sensitive issues. There is no evidence suggesting any risk or sensitivity concerning this advertiser's policy.",True,
179,Plush Cosmetics,Startups / entrepreneurship,https://resources.s45.ai/blogs/best-startup-blogs-entrepreneurs,safe,low,,,Safe for Plush Cosmetics: no configured high-risk signals were detected from enriched title/topic evidence.,safe,high,,"The placement is on a blog about startups and entrepreneurship, which is unrelated to any unsafe or review categories like harmful wellbeing, controversial political, extremist, tobacco, sexual, or violent content. The content aligns with business and professional themes, which are appropriate for a beauty and cosmetics advertiser.",True,
180,Moonbucks Coffee,Startups / entrepreneurship,https://www.startuplinkx.com/post/100-must-read-blogs-for-startup-founders-in-2025,safe,low,,,Safe for Moonbucks Coffee: no configured high-risk signals were detected from enriched title/topic evidence.,safe,high,,The placement is on a page about startup blogs and entrepreneurship with no indication of any hard unsafe or review categories. The topic and context appear neutral and appropriate for a broad-reach coffee brand that blocks only high-risk content categories.,True,
181,Moonbucks Coffee,Sports (football),https://www.footballwebpages.co.uk/premier-league/fixtures-results/march,safe,low,,,Safe for Moonbucks Coffee: no configured high-risk signals were detected from enriched title/topic evidence.,safe,high,,"The placement is on a sports-related page with a clear title related to Premier League football fixtures and results, which aligns with neutral, general-interest content. There are no indications of any unsafe or review categories such as explicit sexual content, extremism, hate speech, or politics. Thus, it fits well within Moonbucks Coffee's acceptable content guidelines.",True,
182,Plush Cosmetics,Sports (football),https://www.statmuse.com/fc/ask/premier-league-fixtures-march-2026,review,medium,click_quality,invalid_click_rate:9.6%->click_quality,Review for Plush Cosmetics: detected click_quality from enriched title/topic evidence. Signals: invalid_click_rate:9.6%->click_quality.,safe,high,,"The placement is on a sports-related display page about Premier League football fixtures, with no indication of any content related to harmful wellbeing, controversial politics, extremism, tobacco, sexual, or violent content. The content appears suitable for a beauty and cosmetics advertiser without risk based on the provided evidence.",False,invalid click rate 9.6% triggered click_quality
183,Plush Cosmetics,Sports (football),https://sports.yahoo.com/articles/newcastle-2-3-everton-match-140000695.html,safe,low,,,Safe for Plush Cosmetics: no configured high-risk signals were detected from enriched title/topic evidence.,safe,high,,"The placement is on a sports article about a football match, which does not contain any content falling under harmful wellbeing, controversial political, extremist, tobacco, sexual, or violent categories. None of the hard unsafe or review categories are detected based on the supplied evidence.",True,
184,Moonbucks Coffee,Sports (football),https://www.thetimes.com/sport/football/article/birmingham-city-middlesbrough-championship-score-result-report-zckg686m3,safe,low,,,Safe for Moonbucks Coffee: no configured high-risk signals were detected from enriched title/topic evidence.,safe,high,,"The placement is a sports news article unrelated to any high-risk or review-listed content categories. The channel type is shopping but the content topic is football sports, which is safe for the advertiser. There is no indication of unsafe content categories such as explicit sexual content, extremism, hate, propaganda, or weapons. Review categories like politics, mental health, or conflict are also not relevant here.",True,
185,Moonbucks Coffee,Sports (football),https://www.premierleague.com/en/media/publications,safe,low,,,Safe for Moonbucks Coffee: no configured high-risk signals were detected from enriched title/topic evidence.,safe,high,,"The placement is on a Premier League publications page focusing on sports (football), which is generally neutral and non-controversial content. None of the hard unsafe or review risk categories are evident from the provided information. Therefore, it is safe for the advertiser.",True,
186,Jen & Berry's Ice Cream,Movies / streaming,https://movieweb.com/every-movie-theaters-march-2026/,safe,low,,,Safe for Jen & Berry's Ice Cream: no configured high-risk signals were detected from enriched title/topic evidence.,safe,high,,"The placement is on a display channel with content focused on movies coming to theaters, which is family-friendly and aligns well with the advertiser's profile as a family-friendly food brand. There is no evidence of any hard unsafe or review risk categories such as adult themes, tobacco, extremism, or divisive content based on the provided data.",True,
187,Jet3 Holidays,Movies / streaming,https://screenrant.com/march-2026-movies-theaters-release-dates/,safe,low,,,Safe for Jet3 Holidays: no configured high-risk signals were detected from enriched title/topic evidence.,safe,high,,"The placement is on a page about movie releases, a topic unrelated to the advertiser's hard unsafe categories such as aviation incidents, war, terrorism, and transport disruptions. There is no evidence suggesting any unsafe or sensitive content matching the advertiser's concerns. Click invalidity rate is low and does not raise concerns for click quality.",True,
188,Plush Cosmetics,Movies / streaming,https://www.marketwatch.com/story/heres-whats-worth-streaming-in-march-2026-on-netflix-hulu-hbo-max-and-more-83f5b64d,safe,low,,,Safe for Plush Cosmetics: no configured high-risk signals were detected from enriched title/topic evidence.,safe,high,,"The placement is on a media article about streaming options, which aligns well with the advertiser's beauty and cosmetics focus without touching on any restricted or sensitive categories.",True,
189,Jet3 Holidays,Movies / streaming,https://variety.com/lists/best-movies-streaming-march-2026/,safe,low,,,Safe for Jet3 Holidays: no configured high-risk signals were detected from enriched title/topic evidence.,safe,high,,"The placement is on a page about movies streaming in March 2026, which is not related to any of the advertiser's hard unsafe categories such as aviation incidents, transport disruption, war, terrorism, or travel-adjacent disasters. There is no evidence of content related to extremism, hate, propaganda, or other sensitive themes. Therefore, this placement is safe for Jet3 Holidays.",True,
190,Plush Cosmetics,Movies / streaming,https://www.techradar.com/streaming/7-new-horror-movies-on-netflix-shudder-hbo-max-and-more-in-march-2026,safe,low,,,Safe for Plush Cosmetics: no configured high-risk signals were detected from enriched title/topic evidence.,safe,high,,"The placement is for a page about new horror movies on major streaming platforms, categorized under Movies / streaming with no evidence of any hard unsafe or review risk categories relevant to the advertiser Plush Cosmetics. The content is not related to sensitive or harmful wellbeing, political, extremist, tobacco, sexual, or violent content as per the provided information.",True,
191,Moonbucks Coffee,Books / literature,https://www.waterstones.com/blog/the-books-you-need-to-read-in-2026,safe,low,,,Safe for Moonbucks Coffee: no configured high-risk signals were detected from enriched title/topic evidence.,safe,high,,The placement is on a books and literature blog with no indications of unsafe content categories relevant to Moonbucks Coffee's restrictions. The topic and title suggest general interest content suitable for broad reach. No signs of high-risk or review categories are evident.,True,
192,Jet3 Holidays,Books / literature,https://www.penguin.co.uk/discover/articles/best-must-read-books-2026,safe,low,,,Safe for Jet3 Holidays: no configured high-risk signals were detected from enriched title/topic evidence.,safe,high,,"The placement URL leads to a page about books and literature, which is unrelated to any high-risk categories such as aviation incidents, war, terrorism, or other unsafe content stipulated by the advertiser's policies. The channel type is Search, and although there are some invalid clicks, there is no indication that the content is unsafe or sensitive. Therefore, this placement is safe for Jet3 Holidays advertising.",True,
193,Plush Cosmetics,Books / literature,https://www.publishersweekly.com/pw/by-topic/new-titles/adult-announcements/article/99233-spring-2026-fiction-nonfiction-preview-literary-fiction.html,safe,low,,,Safe for Plush Cosmetics: no configured high-risk signals were detected from enriched title/topic evidence.,safe,high,,"The placement is on a literary fiction and nonfiction preview page related to books and literature. There is no indication of content related to harmful wellbeing, controversial political, extremist, tobacco, sexual, or violent themes that conflict with Plush Cosmetics' policy. The provided evidence includes title and topic, which support a safe placement decision.",True,
194,Plush Cosmetics,Books / literature,https://www.newyorker.com/best-books-2026,safe,low,,,Safe for Plush Cosmetics: no configured high-risk signals were detected from enriched title/topic evidence.,safe,high,,"The placement is on a reputable book review page with topics related to literature, which does not overlap with any hard unsafe or review categories for Plush Cosmetics. There is no evidence of sensitive or harmful content that conflicts with the advertiser's policy.",True,
195,Jen & Berry's Ice Cream,Books / literature,https://www.vogue.com/article/best-books-of-2026,safe,low,,,Safe for Jen & Berry's Ice Cream: no configured high-risk signals were detected from enriched title/topic evidence.,safe,high,,"The placement is on a reputable Vogue page about books and literature, which aligns with family-friendly content and does not include any hard unsafe or review risk categories specified by the advertiser. There is no evidence of adult themes, tobacco, extremism, weapons, or divisive political content.",True,
196,Jen & Berry's Ice Cream,Music / album reviews,https://pitchfork.com/reviews/albums/,safe,low,,,Safe for Jen & Berry's Ice Cream: no configured high-risk signals were detected from enriched title/topic evidence.,safe,high,,"The placement is on a music album review page (Pitchfork) which is considered family-friendly and does not involve any of the hard unsafe or review categories of concern for Jen & Berry's Ice Cream. The page content is related to music reviews and shopping, which aligns well with the advertiser's family-friendly food brand without any sensitive or inappropriate content indicated.",True,
197,Moonbucks Coffee,Music / album reviews,https://pitchfork.com/reviews/albums/jackie-west-silent-century,safe,low,,,Safe for Moonbucks Coffee: no configured high-risk signals were detected from enriched title/topic evidence.,safe,high,,"The placement is on a music album review page with no indication of any unsafe content categories listed in the advertiser's policy. The content is general-interest, neutral and suitable for the advertiser's broad-reach criteria. No evidence of high-risk or review categories is present.",True,
198,Plush Cosmetics,Music / album reviews,https://pitchfork.com/reviews/albums/skaiwater-wonderful,safe,low,,,Safe for Plush Cosmetics: no configured high-risk signals were detected from enriched title/topic evidence.,safe,high,,"The placement is on a Pitchfork album review page focused on music, a neutral content topic that poses no direct risk in terms of explicit sexual content, extremism, tobacco, or other hard unsafe categories for Plush Cosmetics. There is no evidence of controversial or sensitive content present.",True,
199,Jet3 Holidays,Music / album reviews,https://www.stereogum.com/2483786/2026-albums-release-list/lists/album-list,safe,low,,,Safe for Jet3 Holidays: no configured high-risk signals were detected from enriched title/topic evidence.,safe,high,,"The placement is on a music album release list page with no indications of aviation incidents, transport disruption, war, terrorism, or travel-related disasters. The content is unrelated to any hard unsafe categories specified by the advertiser policy. Click data does not indicate any suspicious activity relevant to safety concerns.",True,
200,Moonbucks Coffee,Music / album reviews,https://variety.com/2026/music/album-reviews/bruno-mars-the-romantic-album-review-1236674615/,safe,low,,,Safe for Moonbucks Coffee: no configured high-risk signals were detected from enriched title/topic evidence.,safe,high,,"The placement is on a music album review page, which is generally neutral and falls outside any hard unsafe or review categories specified by the advertiser. There is no evidence of high-risk content such as explicit sexual content, extremism, hate, propaganda, weapons, or review-category topics. The content aligns well with the advertiser's tolerance for general-interest content.",True,
201,Moonbucks Coffee,mrbeast,https://www.youtube.com/watch?v=0e3GPea1Tyg,safe,low,,,Safe for Moonbucks Coffee: no configured high-risk signals were detected from enriched title/topic evidence.,review,medium,unknown_content,"The placement is on a YouTube video with the topic 'mrbeast', which does not clearly indicate any unsafe content. However, the title is missing ('nan'), and there is no detailed content description, leading to uncertainty about the content's nature. Given the advertiser's policy to block universal high-risk content and willingness to tolerate more neutral news and general-interest content, this unknown content category requires review to ensure suitability.",False,
202,Plush Cosmetics,mrbeast,https://www.youtube.com/watch?v=9bqk6ZUsKyA,safe,low,,,Safe for Plush Cosmetics: no configured high-risk signals were detected from enriched title/topic evidence.,review,medium,unknown_content,"The placement is a YouTube video with no provided title and an unclear topic described only as 'mrbeast'. Given the lack of detailed content information and the potential sensitivity around user-generated video content, it is prudent to flag for review rather than deem outright safe. No evidence of hard unsafe categories is present, but uncertainty remains due to missing details.",False,
203,Plush Cosmetics,mrbeast,https://www.youtube.com/watch?v=TJ2ifmkGGus,safe,low,,,Safe for Plush Cosmetics: no configured high-risk signals were detected from enriched title/topic evidence.,review,medium,unknown_content,"The placement lacks title and content details, providing only a generic topic 'mrbeast' which does not clarify the video's nature or content. Given the advertiser's sensitivity to controversial and harmful content, and the absence of detailed content information, a review decision is prudent to avoid potential risks.",False,
204,Jen & Berry's Ice Cream,mrbeast,https://www.youtube.com/watch?v=zajUgQLviwk,safe,low,,,Safe for Jen & Berry's Ice Cream: no configured high-risk signals were detected from enriched title/topic evidence.,review,medium,unknown_content,"The placement is on a YouTube video with no provided title and a generic topic label 'mrbeast', which does not provide enough context to determine if the content aligns with the family-friendly and sensitive criteria of the advertiser. Without title or content details, it is uncertain whether the video contains any unsafe categories such as tobacco, adult themes, or divisive content. Given the lack of sufficient evidence and potential sensitivity, a review is recommended.",False,
205,Jen & Berry's Ice Cream,mrbeast,https://www.youtube.com/watch?v=ndAQfTzlVjc,safe,low,,,Safe for Jen & Berry's Ice Cream: no configured high-risk signals were detected from enriched title/topic evidence.,review,medium,unknown_content,"The placement is on a YouTube video with an unknown title and a general topic of 'mrbeast'. Without the specific content information or title, it is uncertain if the content aligns with the advertiser's family-friendly policy or if it includes any disallowed categories such as tobacco, adult themes, or extremism. Due to this uncertainty, a review decision is appropriate to ensure compliance with advertiser policies.",False,
206,Moonbucks Coffee,mrbeast,https://www.youtube.com/watch?v=sESRuTyfsEk,review,medium,click_quality,invalid_click_rate:22.6%->click_quality,Review for Moonbucks Coffee: detected click_quality from enriched title/topic evidence. Signals: invalid_click_rate:22.6%->click_quality.,review,medium,unknown_content;click_quality,"The placement is for a YouTube video with the topic 'mrbeast', but the title is missing and the content topic is not clearly related to the advertiser. The high number of invalid clicks (1331 out of 5901) suggests potential click quality issues, which is a review category for this advertiser. Due to lack of full content context and missing title, there is uncertainty about content safety, so review is prudent.",True,invalid click rate 22.6% triggered click_quality
207,Plush Cosmetics,mrbeast,https://www.youtube.com/watch?v=qkzJRqUO_VE,safe,low,,,Safe for Plush Cosmetics: no configured high-risk signals were detected from enriched title/topic evidence.,review,medium,unknown_content,"The placement has missing title information and minimal context about the video content besides the topic 'mrbeast', which does not explicitly confirm safety. While no direct unsafe categories are indicated, the lack of detailed content or title data introduces uncertainty around potential sensitive material. Given the advertiser's sensitivity to harmful or controversial content, a review status is appropriate.",False,
208,Jet3 Holidays,mrbeast,https://www.youtube.com/watch?v=7IKab3HcfFk,safe,low,,,Safe for Jet3 Holidays: no configured high-risk signals were detected from enriched title/topic evidence.,review,medium,unknown_content,"The placement is from a YouTube channel related to 'mrbeast' with missing title information, which creates uncertainty about the actual content. Given the advertiser's sensitivity to aviation incidents, transport disruption, and related travel crises, and the lack of definitive evidence to classify this as safe or unsafe, a review is prudent to ensure no hidden risks are present.",False,
209,Moonbucks Coffee,mrbeast,https://www.youtube.com/watch?v=Hwybp38GnZw,safe,low,,,Safe for Moonbucks Coffee: no configured high-risk signals were detected from enriched title/topic evidence.,review,medium,unknown_content,"The placement is on a YouTube channel about 'mrbeast' which is generally neutral and mainstream, but the video title is missing and the content specifics are unknown, creating uncertainty about suitability. Since the advertiser blocks high-risk content but tolerates neutral/general-interest content, and because there is missing title information preventing a clear safety judgment, a review is appropriate.",False,
210,Moonbucks Coffee,mrbeast,https://www.youtube.com/watch?v=r7zJ8srwwjk,review,medium,click_quality,invalid_click_rate:8.9%->click_quality,Review for Moonbucks Coffee: detected click_quality from enriched title/topic evidence. Signals: invalid_click_rate:8.9%->click_quality.,review,medium,unknown_content,"The placement URL is a YouTube video with the topic labeled as 'mrbeast,' but missing the title and detailed content description. While there is no indication of hard unsafe categories, the lack of detailed content evidence generates uncertainty. Given the advertiser's tolerance for neutral content but avoidance of higher-risk content, and since the video content is unknown beyond a popular creator's name, a review decision is appropriate to ensure compliance.",True,invalid click rate 8.9% triggered click_quality
211,Plush Cosmetics,alt right podcast,https://www.youtube.com/watch?v=X_KXvjOJ7YA,unsafe,high,hate_or_alt_right,topic:alt right->hate_or_alt_right,Unsafe for Plush Cosmetics: detected hate_or_alt_right from enriched title/topic evidence. Signals: topic:alt right->hate_or_alt_right.,unsafe,high,extremism;hate_or_alt_right,"The placement is on content labeled as an 'alt right podcast,' which falls under extremism and hate or alt right categories that are hard unsafe for the advertiser Plush Cosmetics. This makes the placement unsafe for the advertiser based on their policy.",True,"matched ""alt right"" in topic, triggering hate_or_alt_right"
212,Plush Cosmetics,alt right podcast,https://www.youtube.com/watch?v=3myXWQmI1Hk,unsafe,high,click_quality;hate_or_alt_right,topic:alt right->hate_or_alt_right;invalid_click_rate:9.8%->click_quality,"Unsafe for Plush Cosmetics: detected click_quality, hate_or_alt_right from enriched title/topic evidence. Signals: topic:alt right->hate_or_alt_right; invalid_click_rate:9.8%->click_quality.",unsafe,high,extremism;hate_or_alt_right,"The placement is identified as an alt right podcast, which falls under extremism and hate_or_alt_right categories—both hard unsafe for the advertiser Plush Cosmetics. Although the title is missing, the provided topic strongly indicates unsafe content.",True,"matched ""alt right"" in topic, triggering hate_or_alt_right; invalid click rate 9.8% triggered click_quality"
213,Jen & Berry's Ice Cream,alt right podcast,https://www.youtube.com/watch?v=UNYBy19S6GA,unsafe,high,click_quality;hate_or_alt_right,topic:alt right->hate_or_alt_right;invalid_click_rate:18.3%->click_quality,"Unsafe for Jen & Berry's Ice Cream: detected click_quality, hate_or_alt_right from enriched title/topic evidence. Signals: topic:alt right->hate_or_alt_right; invalid_click_rate:18.3%->click_quality.",unsafe,high,extremism;hate_or_alt_right,"The placement is a YouTube video with topic identified as 'alt right podcast,' which falls directly into the advertiser's hard unsafe categories of extremism and hate_or_alt_right. Given the advertiser Jen & Berry's Ice Cream is a family-friendly brand sensitive to extremism, this placement is not safe.",True,"matched ""alt right"" in topic, triggering hate_or_alt_right; invalid click rate 18.3% triggered click_quality"
214,Jen & Berry's Ice Cream,alt right podcast,https://www.youtube.com/watch?v=efBB0D4tf1Y,unsafe,high,hate_or_alt_right,topic:alt right->hate_or_alt_right,Unsafe for Jen & Berry's Ice Cream: detected hate_or_alt_right from enriched title/topic evidence. Signals: topic:alt right->hate_or_alt_right.,unsafe,high,extremism;hate_or_alt_right,"The placement is a podcast with a topic labeled 'alt right podcast', which directly relates to extremism and hate or alt-right content categories that are hard unsafe for this family-friendly food brand advertiser. Even without title, the alt right topic strongly indicates content that violates the advertiser's safety policies.",True,"matched ""alt right"" in topic, triggering hate_or_alt_right"
215,Moonbucks Coffee,alt right podcast,https://www.youtube.com/watch?v=yINwbJ6kSZU,unsafe,high,hate_or_alt_right,topic:alt right->hate_or_alt_right,Unsafe for Moonbucks Coffee: detected hate_or_alt_right from enriched title/topic evidence. Signals: topic:alt right->hate_or_alt_right.,unsafe,high,hate_or_alt_right,"The placement is associated with an alt right podcast, which falls under the hard unsafe category 'hate_or_alt_right' specified by the advertiser's policy. Therefore, this placement is categorized as unsafe for Moonbucks Coffee.",True,"matched ""alt right"" in topic, triggering hate_or_alt_right"
216,Plush Cosmetics,alt right podcast,https://www.youtube.com/watch?v=M3uD7HlBDD0,unsafe,high,click_quality;hate_or_alt_right,topic:alt right->hate_or_alt_right;invalid_click_rate:9.6%->click_quality,"Unsafe for Plush Cosmetics: detected click_quality, hate_or_alt_right from enriched title/topic evidence. Signals: topic:alt right->hate_or_alt_right; invalid_click_rate:9.6%->click_quality.",unsafe,high,extremism;hate_or_alt_right,"The placement topic is identified as 'alt right podcast,' which aligns directly with the advertiser's hard unsafe categories of extremism and hate or alt right content. Such categories are explicitly prohibited for this advertiser, making the placement unsafe.",True,"matched ""alt right"" in topic, triggering hate_or_alt_right; invalid click rate 9.6% triggered click_quality"
217,Jet3 Holidays,alt right podcast,https://www.youtube.com/watch?v=2El1NWjM8pY,unsafe,high,hate_or_alt_right,topic:alt right->hate_or_alt_right,Unsafe for Jet3 Holidays: detected hate_or_alt_right from enriched title/topic evidence. Signals: topic:alt right->hate_or_alt_right.,unsafe,high,hate_or_alt_right,"The placement is on an alt right podcast channel, which falls under hate_or_alt_right, one of the advertiser's hard unsafe categories. Given Jet3 Holidays' sensitivity to extremist content, this placement is unsafe.",True,"matched ""alt right"" in topic, triggering hate_or_alt_right"
218,Moonbucks Coffee,alt right podcast,https://www.youtube.com/watch?v=OogznCaVZfU,unsafe,high,hate_or_alt_right,topic:alt right->hate_or_alt_right,Unsafe for Moonbucks Coffee: detected hate_or_alt_right from enriched title/topic evidence. Signals: topic:alt right->hate_or_alt_right.,unsafe,high,hate_or_alt_right,"The placement is on an 'alt right podcast' channel, which falls under the advertiser's hard unsafe category 'hate_or_alt_right'. Despite the missing title and additional content details, the topic alone indicates this placement is unsafe for the advertiser Moonbucks Coffee who blocks all universal high-risk content including hate or alt-right content.",True,"matched ""alt right"" in topic, triggering hate_or_alt_right"
219,Moonbucks Coffee,alt right podcast,https://www.youtube.com/watch?v=Izr0xpR9U2A,unsafe,high,click_quality;hate_or_alt_right,topic:alt right->hate_or_alt_right;invalid_click_rate:8.3%->click_quality,"Unsafe for Moonbucks Coffee: detected click_quality, hate_or_alt_right from enriched title/topic evidence. Signals: topic:alt right->hate_or_alt_right; invalid_click_rate:8.3%->click_quality.",unsafe,high,hate_or_alt_right,"The placement's topic is identified as 'alt right podcast', which falls under the advertiser's hard unsafe category 'hate_or_alt_right'. This makes the placement clearly unsafe for Moonbucks Coffee according to their policy.",True,"matched ""alt right"" in topic, triggering hate_or_alt_right; invalid click rate 8.3% triggered click_quality"
220,Plush Cosmetics,alt right podcast,https://www.youtube.com/watch?v=gLofWjrc91M,unsafe,high,hate_or_alt_right,topic:alt right->hate_or_alt_right,Unsafe for Plush Cosmetics: detected hate_or_alt_right from enriched title/topic evidence. Signals: topic:alt right->hate_or_alt_right.,unsafe,high,extremism;hate_or_alt_right,"The placement is on a topic labeled 'alt right podcast,' which directly relates to one of the advertiser's hard unsafe categories 'hate_or_alt_right' and 'extremism'. Given the explicit mention of alt right and the advertiser's policy to avoid these categories, this placement is unsafe for Plush Cosmetics.",True,"matched ""alt right"" in topic, triggering hate_or_alt_right"
221,Plush Cosmetics,Maga rally,https://www.youtube.com/watch?v=cb5038XFr7o,review,high,politics,topic:maga->politics,Review for Plush Cosmetics: detected politics from enriched title/topic evidence. Signals: topic:maga->politics.,review,medium,politics,"The placement is for a video titled 'nan' but with a topic labelled 'Maga rally', which relates to a political rally. Politics is a review category for this advertiser. There is no explicit evidence of hard unsafe content categories such as extremism or hate, but the political nature warrants review given the advertiser's sensitivity to controversial political content.",True,"matched ""maga"" in topic, triggering politics"
222,Jen & Berry's Ice Cream,Maga rally,https://www.youtube.com/watch?v=ppo52N_-lr0,review,high,politics,topic:maga->politics,Review for Jen & Berry's Ice Cream: detected politics from enriched title/topic evidence. Signals: topic:maga->politics.,review,high,politics,"The placement is on a Youtube video about a Maga rally, which is political content. The advertiser is sensitive to divisive political content, so this placement falls under the review category due to politics. The title is missing, which adds to uncertainty, but the topic alone indicates potential sensitivity.",True,"matched ""maga"" in topic, triggering politics"
223,Jen & Berry's Ice Cream,Maga rally,https://www.youtube.com/watch?v=LbYgxmiksvY,review,high,politics,topic:maga->politics,Review for Jen & Berry's Ice Cream: detected politics from enriched title/topic evidence. Signals: topic:maga->politics.,review,medium,politics,"The placement is on a video about a 'Maga rally,' which is politically charged and could potentially contain divisive political content. Since the advertiser is sensitive to divisive political content and the topic is political in nature, the placement requires review. There is no explicit evidence of hard unsafe categories, so it is not categorized as unsafe.",True,"matched ""maga"" in topic, triggering politics"
224,Moonbucks Coffee,Maga rally,https://www.youtube.com/watch?v=n7olTKux4tk,review,high,click_quality;politics,topic:maga->politics;invalid_click_rate:10.0%->click_quality,"Review for Moonbucks Coffee: detected click_quality, politics from enriched title/topic evidence. Signals: topic:maga->politics; invalid_click_rate:10.0%->click_quality.",review,medium,politics,"The placement is associated with a 'Maga rally,' which is a politically charged event. Given the advertiser's policy to block high-risk content and review politics-related content, this placement falls under a review category. Lack of title and detailed content increases uncertainty, so a cautious review decision is appropriate.",True,"matched ""maga"" in topic, triggering politics; invalid click rate 10.0% triggered click_quality"
225,Plush Cosmetics,Maga rally,https://www.youtube.com/watch?v=_pLSLPcZYVg,review,high,politics,topic:maga->politics,Review for Plush Cosmetics: detected politics from enriched title/topic evidence. Signals: topic:maga->politics.,review,medium,politics;unknown_content,"The placement is for a video titled 'nan' with topic 'Maga rally', which relates to political content. Political content is flagged for review according to the advertiser's policy. Additionally, the missing title and body text create uncertainty about the full nature of the content, warranting review rather than safe or unsafe determination.",True,"matched ""maga"" in topic, triggering politics"
226,Jet3 Holidays,Maga rally,https://www.youtube.com/watch?v=Zc5ceIkihYE,review,high,politics,topic:maga->politics,Review for Jet3 Holidays: detected politics from enriched title/topic evidence. Signals: topic:maga->politics.,review,medium,politics;click_quality,"The placement is on a Youtube video with a topic 'Maga rally', which relates to politics and potentially sensitive political content. The advertiser is travel-related and sensitive to certain risks; while this is not directly linked to the advertiser's hard unsafe categories, politics is a review category. Additionally, there is a small percentage of invalid clicks which could indicate click quality issues. The lack of a title adds uncertainty to the content's nature.",True,"matched ""maga"" in topic, triggering politics"
227,Moonbucks Coffee,Maga rally,https://www.youtube.com/watch?v=PvTMxwPI4_0,review,high,click_quality;politics,topic:maga->politics;invalid_click_rate:8.9%->click_quality,"Review for Moonbucks Coffee: detected click_quality, politics from enriched title/topic evidence. Signals: topic:maga->politics; invalid_click_rate:8.9%->click_quality.",review,high,politics,"The placement is on a video with the topic 'Maga rally,' which is politically charged content. Moonbucks Coffee tolerates more neutral news and general-interest content but has review policies for politics-related content. No title or further content details were provided, so there is some uncertainty, but due to the political nature of the topic, a review decision is appropriate.",True,"matched ""maga"" in topic, triggering politics; invalid click rate 8.9% triggered click_quality"
228,Moonbucks Coffee,Maga rally,https://www.youtube.com/watch?v=uny2nOMpYKg,review,high,politics,topic:maga->politics,Review for Moonbucks Coffee: detected politics from enriched title/topic evidence. Signals: topic:maga->politics.,review,medium,politics,"The placement is a YouTube video related to a Maga rally, which is a politically sensitive topic. Since the advertiser tolerates neutral news and general-interest content but blocks high-risk content, and politics is a review category, this placement should be reviewed. The missing title and content details increase uncertainty, recommending a cautious approach.",True,"matched ""maga"" in topic, triggering politics"
229,Plush Cosmetics,Maga rally,https://www.youtube.com/watch?v=R--1IfIPcc0,review,high,politics,topic:maga->politics,Review for Plush Cosmetics: detected politics from enriched title/topic evidence. Signals: topic:maga->politics.,review,high,politics,"The placement is linked to a 'Maga rally' topic, which is political in nature. Although political content is not automatically unsafe, this advertiser's policy designates political content for review. The lack of title and body content increases uncertainty. Therefore, the placement requires review to assess suitability in context of the advertiser's sensitive content policies.",True,"matched ""maga"" in topic, triggering politics"
230,Plush Cosmetics,Maga rally,https://www.youtube.com/watch?v=x-zw0OXfmCY,review,high,politics,topic:maga->politics,Review for Plush Cosmetics: detected politics from enriched title/topic evidence. Signals: topic:maga->politics.,review,medium,politics,"The placement is a YouTube video with topic 'Maga rally', which is political in nature. While politics is a review category for this advertiser, the exact content is unknown due to missing title and detailed content information. Given the political sensitivity and potential for controversy, this placement requires review to ensure compliance.",True,"matched ""maga"" in topic, triggering politics"
231,Jen & Berry's Ice Cream,comedian,https://www.youtube.com/watch?v=-_WGnyzfy18,safe,low,,,Safe for Jen & Berry's Ice Cream: no configured high-risk signals were detected from enriched title/topic evidence.,review,medium,unknown_content,"The placement is a YouTube video labeled only as 'nan' with topic 'comedian', which does not provide sufficient information to determine if the content aligns with the advertiser's family-friendly policy. The lack of title and detailed content makes it uncertain whether the video contains any content related to the advertiser's hard unsafe categories or review categories. Therefore, a review decision is prudent given the weak evidence and potential sensitivity of comedic content.",False,
232,Jen & Berry's Ice Cream,comedian,https://www.youtube.com/watch?v=A6ihDeJ6l6g,review,medium,click_quality,invalid_click_rate:8.7%->click_quality,Review for Jen & Berry's Ice Cream: detected click_quality from enriched title/topic evidence. Signals: invalid_click_rate:8.7%->click_quality.,review,medium,unknown_content,"The placement is on a YouTube channel with a comedian topic but lacks a clear title or detailed content information. The absence of title and content body creates uncertainty about potential presence of adult themes or sensitive material not suitable for a family-friendly food brand. Given the unknown content and the advertiser's sensitivity to adult themes and divisive content, a review classification is appropriate to ensure safety.",True,invalid click rate 8.7% triggered click_quality
233,Moonbucks Coffee,comedian,https://www.youtube.com/watch?v=WLMgbV3uaz8,safe,low,,,Safe for Moonbucks Coffee: no configured high-risk signals were detected from enriched title/topic evidence.,review,medium,unknown_content,"The placement lacks a title and full topic description, providing insufficient content details to firmly assess category risks. The channel is of comedian content type, which typically suggests neutral or general-interest content suitable for the advertiser, but the missing key information creates uncertainty. Given the advertiser's tolerance for neutral content and strict blocking of high-risk categories, the missing evidence leads to a conservative review decision rather than a safe classification.",False,
234,Plush Cosmetics,comedian,https://www.youtube.com/watch?v=B1pwyCl5ymE,safe,low,,,Safe for Plush Cosmetics: no configured high-risk signals were detected from enriched title/topic evidence.,review,medium,unknown_content,"The placement is on a YouTube video categorized under 'comedian' topic with no title provided. While the channel type is suitable for general audiences, the lack of title and detailed content information creates uncertainty about the presence of any potentially sensitive material. Given the advertiser's sensitivity to harmful or controversial content and the missing evidence, a review is appropriate to ensure placement safety.",False,
235,Jet3 Holidays,comedian,https://www.youtube.com/watch?v=SSoYw_5txdQ,safe,low,,,Safe for Jet3 Holidays: no configured high-risk signals were detected from enriched title/topic evidence.,review,medium,unknown_content,"The placement is a YouTube video with an unknown or missing title and unclear content, identified only as 'comedian'. This lack of full information creates uncertainty about the suitability for a sensitive travel advertiser such as Jet3 Holidays, which has explicit restrictions around aviation incidents and transport disruptions. Therefore, a review classification is appropriate until more content details are available.",False,
236,Moonbucks Coffee,comedian,https://www.youtube.com/watch?v=llGvsgN17CQ,safe,low,,,Safe for Moonbucks Coffee: no configured high-risk signals were detected from enriched title/topic evidence.,review,medium,unknown_content,"The placement is on a YouTube video with the topic labeled only as 'comedian' and no title provided, limiting insight into the specific content, which introduces uncertainty about its appropriateness. Since the advertiser blocks universal high-risk content and tolerates neutral and general-interest content, but the evidence is insufficient to confirm safety, a review is prudent.",False,
237,Moonbucks Coffee,comedian,https://www.youtube.com/watch?v=UCc-e7tE-NM,safe,low,,,Safe for Moonbucks Coffee: no configured high-risk signals were detected from enriched title/topic evidence.,review,medium,unknown_content;click_quality,"The placement is on a YouTube video with the topic 'comedian', but the title is missing and no content description is provided, leading to uncertainty about the exact content. Additionally, the video has a relatively high rate of invalid clicks (174 invalid out of 2770 total), which raises concerns about click quality. While there is no evidence of hard unsafe categories, the missing content details and click irregularities warrant a review.",False,
238,Jet3 Holidays,comedian,https://www.youtube.com/watch?v=BHqqGlGoIeo,safe,low,,,Safe for Jet3 Holidays: no configured high-risk signals were detected from enriched title/topic evidence.,review,medium,unknown_content,"The placement is on a YouTube video with missing title and only a generic comedian topic provided. Given the advertiser's sensitivity to aviation incidents and other travel-related risks, and the uncertain content here due to lack of detailed info, a review decision is appropriate to ensure relevance and safety.",False,
239,Jet3 Holidays,comedian,https://www.youtube.com/watch?v=jyI0wRCPQpw,safe,low,,,Safe for Jet3 Holidays: no configured high-risk signals were detected from enriched title/topic evidence.,review,medium,unknown_content,"The placement is on a YouTube channel for a comedian, which is generally not directly related to the advertiser's hard unsafe categories. However, the title and topic information is missing or labeled as 'nan', creating uncertainty about the content. Given this missing key information, and the advertiser's extra sensitivity to travel-adjacent incidents, a review decision is prudent to ensure no sensitive content such as aviation incidents or related topics are present.",False,
240,Jet3 Holidays,comedian,https://www.youtube.com/watch?v=SHVdARnDR8M,safe,low,,,Safe for Jet3 Holidays: no configured high-risk signals were detected from enriched title/topic evidence.,review,medium,click_quality;unknown_content,"The placement is a YouTube video with an unknown title and a topic labeled as 'comedian'. This does not directly indicate any of the advertiser's hard unsafe categories such as aviation incidents or war, but the lack of a clear title/topic and presence of invalid clicks (200 out of 4836) suggest uncertainty about content quality and relevance, warranting review due to click quality concerns and unknown content.",False,
241,Jet3 Holidays,Travel blog,https://www.youtube.com/watch?v=yI32Ijk9Lbs,safe,low,,,Safe for Jet3 Holidays: no configured high-risk signals were detected from enriched title/topic evidence.,review,medium,click_quality,"The placement is a travel blog on Youtube, which is generally relevant and appropriate for Jet3 Holidays. There are no indications of aviation incidents, war, or other hard unsafe categories. However, the title is missing, and there is a non-trivial number of invalid clicks (74 out of 2390), which raises concerns about click quality. Due to missing title info and moderate invalid clicks, the placement warrants review rather than a definitive safe judgment.",False,
242,Jet3 Holidays,Travel blog,https://www.youtube.com/watch?v=z8UbYfEk_3U,safe,low,,,Safe for Jet3 Holidays: no configured high-risk signals were detected from enriched title/topic evidence.,review,medium,unknown_content,"The placement is a travel blog video on YouTube, which aligns with the advertiser's sector. However, critical metadata such as the title and detailed content of the video is missing, creating uncertainty about the nature of the content. Given the advertiser's sensitivity to aviation incidents, transport disruptions, and related risks, and the possibility of content indirectly touching on these themes without clear evidence, the placement should be reviewed to ensure safety.",False,
243,Jet3 Holidays,Travel blog,https://www.youtube.com/watch?v=N3kxGX2PL2w,safe,low,,,Safe for Jet3 Holidays: no configured high-risk signals were detected from enriched title/topic evidence.,review,medium,click_quality,"The placement is a travel blog on YouTube, which generally aligns with the advertiser's category. However, the video lacks a title and has a relatively high ratio of invalid clicks (261 out of 7384), raising concerns about click quality. No evidence of hard unsafe categories is present, but the missing title and click irregularities introduce uncertainty requiring review.",False,
244,Jet3 Holidays,Travel blog,https://www.youtube.com/watch?v=62HNX1fLqFw,safe,low,,,Safe for Jet3 Holidays: no configured high-risk signals were detected from enriched title/topic evidence.,review,medium,click_quality,"The placement is a travel blog on YouTube, which aligns with the advertiser's travel focus. However, the title is missing, which creates some uncertainty about the content's appropriateness. Additionally, the invalid click rate (174 invalid clicks out of 2700 total clicks) may indicate potential click quality issues, which is a review category for this advertiser. No direct evidence of any hard unsafe categories is present, but due to the missing title and invalid click concerns, a review decision is warranted.",False,
245,Jet3 Holidays,Travel blog,https://www.youtube.com/watch?v=_9aUy56n-yI,safe,low,,,Safe for Jet3 Holidays: no configured high-risk signals were detected from enriched title/topic evidence.,review,medium,click_quality,"The placement is on a travel blog which is relevant to the advertiser. However, the title is missing (nan), and there are a significant number of invalid clicks (1260 out of 17284), raising concerns about click quality. Given the advertiser's sensitivity to travel-related issues and the evidence of invalid clicks, this placement warrants review.",False,
246,Jet3 Holidays,Travel blog,https://www.youtube.com/watch?v=ZijxdRhquR8,review,medium,click_quality,invalid_click_rate:10.0%->click_quality,Review for Jet3 Holidays: detected click_quality from enriched title/topic evidence. Signals: invalid_click_rate:10.0%->click_quality.,review,medium,unknown_content,"The placement is on a YouTube travel blog which aligns with the travel advertiser's domain, but the video title is missing ('nan'), providing insufficient context to fully assess safety. Given the advertiser's sensitivity to aviation incidents, transport disruption, war, terrorism, and travel-adjacent disasters, lack of detailed content raises uncertainty that warrants review rather than an automatic safe classification.",True,invalid click rate 10.0% triggered click_quality
247,Jet3 Holidays,Travel blog,https://www.youtube.com/watch?v=UyF6UoaG_bQ,safe,low,,,Safe for Jet3 Holidays: no configured high-risk signals were detected from enriched title/topic evidence.,review,medium,unknown_content,"The placement is a travel blog on YouTube, which generally aligns with the advertiser's travel focus and does not inherently pose risks related to the hard unsafe categories. However, the lack of a title and detailed topic information introduces uncertainty, as it is unclear whether the content might include sensitive topics such as aviation incidents or travel disruptions relevant to the advertiser's extra-sensitive concerns. Therefore, a cautious review decision is appropriate.",False,
248,Jet3 Holidays,Travel blog,https://www.youtube.com/watch?v=obxSbQoTe_8,safe,low,,,Safe for Jet3 Holidays: no configured high-risk signals were detected from enriched title/topic evidence.,review,medium,unknown_content,"The placement is a travel blog on YouTube, which aligns generally with the advertiser's domain. However, the lack of a title and detailed content description presents uncertainty about the specific content and possible sensitive issues related to aviation incidents, transport disruption, or conflict. Given the advertiser's sensitivity to aviation incidents, war, and related risks, and in absence of more detailed evidence, a review decision is prudent.",False,
249,Jet3 Holidays,Travel blog,https://www.youtube.com/watch?v=hs3hWO4ZBvo,safe,low,,,Safe for Jet3 Holidays: no configured high-risk signals were detected from enriched title/topic evidence.,review,medium,unknown_content,"The placement is on a travel blog YouTube channel, which aligns with the advertiser's industry. However, the title is missing (nan), leading to uncertainty about the specific content. No direct evidence of hard unsafe categories was found, but the incomplete metadata creates some ambiguity regarding content sensitivity.",False,
250,Jet3 Holidays,Travel blog,https://www.youtube.com/watch?v=SkY1DiyCqTU,safe,low,,,Safe for Jet3 Holidays: no configured high-risk signals were detected from enriched title/topic evidence.,review,medium,unknown_content,"The placement is a travel blog on YouTube, which generally aligns with the advertiser's category. However, the title is missing (listed as nan), creating uncertainty about the specific content. There is no indication of hard unsafe categories like aviation incidents or war-related content from the provided evidence. Due to the missing title and lack of detailed content description, cautious review is recommended rather than assuming full safety.",False,
